Image_ID,class,confidence,ymin,xmin,ymax,xmax
ID_Genxyu.jpg,healthy,0.5,100,100,100,100
ID_svY6TG.jpg,healthy,0.5,100,100,100,100
ID_d0gpda.jpg,healthy,0.5,100,100,100,100
ID_frWmBT.jpg,healthy,0.5,100,100,100,100
ID_TaRW6o.jpg,healthy,0.5,100,100,100,100
ID_TtcmyS.jpg,healthy,0.5,100,100,100,100
ID_McJOoX.jpg,healthy,0.5,100,100,100,100
ID_LULpZT.jpg,healthy,0.5,100,100,100,100
ID_ksM9yC.JPG,healthy,0.5,100,100,100,100
ID_XrMSwO.jpg,healthy,0.5,100,100,100,100
ID_CRgjeZ.jpg,healthy,0.5,100,100,100,100
ID_GBF6WG.jpg,healthy,0.5,100,100,100,100
ID_abLPBK.jpg,healthy,0.5,100,100,100,100
ID_DzdeNP.jpg,healthy,0.5,100,100,100,100
ID_GzSAdm.jpg,healthy,0.5,100,100,100,100
ID_aaSu0i.jpg,healthy,0.5,100,100,100,100
ID_YD3bof.jpg,healthy,0.5,100,100,100,100
ID_TqIzU1.jpg,healthy,0.5,100,100,100,100
ID_fYv2qm.jpg,healthy,0.5,100,100,100,100
ID_EmaVCt.jpg,healthy,0.5,100,100,100,100
ID_fjshTf.jpg,healthy,0.5,100,100,100,100
ID_OFLVcT.jpg,healthy,0.5,100,100,100,100
ID_tjZYmM.jpg,healthy,0.5,100,100,100,100
ID_eNUmPw.jpg,healthy,0.5,100,100,100,100
ID_YGGSTX.jpg,healthy,0.5,100,100,100,100
ID_s2Jw6Z.jpg,healthy,0.5,100,100,100,100
ID_WMbzmd.jpg,healthy,0.5,100,100,100,100
ID_y8BV0N.jpg,healthy,0.5,100,100,100,100
ID_dtV9ls.jpg,healthy,0.5,100,100,100,100
ID_lE9I5s.jpg,healthy,0.5,100,100,100,100
ID_UkxRz8.jpg,healthy,0.5,100,100,100,100
ID_CiaBXB.jpg,healthy,0.5,100,100,100,100
ID_JQ2NT8.jpg,healthy,0.5,100,100,100,100
ID_QEsBpT.JPG,healthy,0.5,100,100,100,100
ID_xAwVqs.jpg,healthy,0.5,100,100,100,100
ID_g3WNqx.jpg,healthy,0.5,100,100,100,100
ID_ThtV0C.jpg,healthy,0.5,100,100,100,100
ID_kKNhQp.jpg,healthy,0.5,100,100,100,100
ID_AWsPwc.jpg,healthy,0.5,100,100,100,100
ID_wErPQs.jpg,healthy,0.5,100,100,100,100
ID_R6m9LT.jpg,healthy,0.5,100,100,100,100
ID_ZwY4OM.jpg,healthy,0.5,100,100,100,100
ID_uldgmr.jpg,healthy,0.5,100,100,100,100
ID_zSiC0w.jpg,healthy,0.5,100,100,100,100
ID_VxelQD.jpg,healthy,0.5,100,100,100,100
ID_hUbmNZ.jpg,healthy,0.5,100,100,100,100
ID_IkNDOi.jpg,healthy,0.5,100,100,100,100
ID_PSqZfs.jpg,healthy,0.5,100,100,100,100
ID_YKtTP5.jpg,healthy,0.5,100,100,100,100
ID_ymE9HE.jpg,healthy,0.5,100,100,100,100
ID_d0hoEZ.jpg,healthy,0.5,100,100,100,100
ID_ZLh9RR.jpg,healthy,0.5,100,100,100,100
ID_UGhrpz.jpg,healthy,0.5,100,100,100,100
ID_ZuLnag.jpg,healthy,0.5,100,100,100,100
ID_ZGTOCS.jpg,healthy,0.5,100,100,100,100
ID_CzSEcr.jpg,healthy,0.5,100,100,100,100
ID_Hp6I1X.jpg,healthy,0.5,100,100,100,100
ID_S4UOLv.jpg,healthy,0.5,100,100,100,100
ID_zcSpGG.jpg,healthy,0.5,100,100,100,100
ID_LoiG9j.jpg,healthy,0.5,100,100,100,100
ID_xiDYGL.jpg,healthy,0.5,100,100,100,100
ID_FiJeqW.jpg,healthy,0.5,100,100,100,100
ID_tKVti2.jpg,healthy,0.5,100,100,100,100
ID_xjnuvj.jpg,healthy,0.5,100,100,100,100
ID_gzfe9f.jpg,healthy,0.5,100,100,100,100
ID_PStxKH.jpg,healthy,0.5,100,100,100,100
ID_sbu14T.jpg,healthy,0.5,100,100,100,100
ID_qhqOjL.jpg,healthy,0.5,100,100,100,100
ID_fPR4u5.jpg,healthy,0.5,100,100,100,100
ID_kFZBmo.jpg,healthy,0.5,100,100,100,100
ID_R9pWyO.jpg,healthy,0.5,100,100,100,100
ID_JoCDQf.jpg,healthy,0.5,100,100,100,100
ID_ItkmQn.jpg,healthy,0.5,100,100,100,100
ID_vlAp0D.jpg,healthy,0.5,100,100,100,100
ID_QOB7Et.JPG,healthy,0.5,100,100,100,100
ID_DCnllR.jpg,healthy,0.5,100,100,100,100
ID_aTPpou.jpg,healthy,0.5,100,100,100,100
ID_DxuEWw.jpg,healthy,0.5,100,100,100,100
ID_yFxM4p.jpg,healthy,0.5,100,100,100,100
ID_jxvYQ8.JPG,healthy,0.5,100,100,100,100
ID_EJgRE4.jpg,healthy,0.5,100,100,100,100
ID_AHlc9P.jpg,healthy,0.5,100,100,100,100
ID_Z7ar8k.jpg,healthy,0.5,100,100,100,100
ID_PEqgVf.jpg,healthy,0.5,100,100,100,100
ID_joOOoQ.jpg,healthy,0.5,100,100,100,100
ID_xXWJsa.jpg,healthy,0.5,100,100,100,100
ID_kczq4B.jpg,healthy,0.5,100,100,100,100
ID_jaeOlD.jpg,healthy,0.5,100,100,100,100
ID_tUm5mY.jpg,healthy,0.5,100,100,100,100
ID_r9AaMI.jpg,healthy,0.5,100,100,100,100
ID_wBzpKl.JPG,healthy,0.5,100,100,100,100
ID_DcMUYA.jpg,healthy,0.5,100,100,100,100
ID_kTAyAz.jpg,healthy,0.5,100,100,100,100
ID_NSarPy.jpg,healthy,0.5,100,100,100,100
ID_HiEYk8.jpg,healthy,0.5,100,100,100,100
ID_vfelPl.jpg,healthy,0.5,100,100,100,100
ID_qvUEPr.jpg,healthy,0.5,100,100,100,100
ID_h2mTi3.jpg,healthy,0.5,100,100,100,100
ID_IcsbIu.jpg,healthy,0.5,100,100,100,100
ID_HuM6fN.jpg,healthy,0.5,100,100,100,100
ID_oVJDwV.jpg,healthy,0.5,100,100,100,100
ID_GVII9k.jpg,healthy,0.5,100,100,100,100
ID_WhUmEt.jpg,healthy,0.5,100,100,100,100
ID_zyGKPp.jpg,healthy,0.5,100,100,100,100
ID_ZWjgkt.jpg,healthy,0.5,100,100,100,100
ID_YOPMwb.jpg,healthy,0.5,100,100,100,100
ID_uI5zKb.jpg,healthy,0.5,100,100,100,100
ID_s8kkQp.jpg,healthy,0.5,100,100,100,100
ID_WhVb38.jpg,healthy,0.5,100,100,100,100
ID_MXBdgR.jpg,healthy,0.5,100,100,100,100
ID_IQXVr3.jpg,healthy,0.5,100,100,100,100
ID_qfixBm.jpg,healthy,0.5,100,100,100,100
ID_IlLrNr.jpg,healthy,0.5,100,100,100,100
ID_bu0b88.jpg,healthy,0.5,100,100,100,100
ID_rnaFA7.jpg,healthy,0.5,100,100,100,100
ID_XVGCaw.jpg,healthy,0.5,100,100,100,100
ID_V0L4sG.jpg,healthy,0.5,100,100,100,100
ID_hANUAB.jpg,healthy,0.5,100,100,100,100
ID_AFi8A1.jpg,healthy,0.5,100,100,100,100
ID_Nnz8UH.jpg,healthy,0.5,100,100,100,100
ID_wqplu9.jpg,healthy,0.5,100,100,100,100
ID_oQqA0l.jpg,healthy,0.5,100,100,100,100
ID_bJZocr.JPG,healthy,0.5,100,100,100,100
ID_R8GMXi.jpg,healthy,0.5,100,100,100,100
ID_QyOLdv.jpg,healthy,0.5,100,100,100,100
ID_yUCeOK.JPG,healthy,0.5,100,100,100,100
ID_FxRJIn.jpg,healthy,0.5,100,100,100,100
ID_ch54d8.jpg,healthy,0.5,100,100,100,100
ID_RcDJTg.jpg,healthy,0.5,100,100,100,100
ID_ORZ9Bi.jpg,healthy,0.5,100,100,100,100
ID_VFgZyy.jpg,healthy,0.5,100,100,100,100
ID_rcw57Y.JPG,healthy,0.5,100,100,100,100
ID_rp6bRP.jpg,healthy,0.5,100,100,100,100
ID_d8RMUe.jpg,healthy,0.5,100,100,100,100
ID_JI3AOF.jpg,healthy,0.5,100,100,100,100
ID_AopVga.jpg,healthy,0.5,100,100,100,100
ID_aCgBad.jpg,healthy,0.5,100,100,100,100
ID_MocvF0.jpg,healthy,0.5,100,100,100,100
ID_coFJm9.jpg,healthy,0.5,100,100,100,100
ID_IemiUM.jpg,healthy,0.5,100,100,100,100
ID_wnuBs6.jpg,healthy,0.5,100,100,100,100
ID_Jz9DKw.jpg,healthy,0.5,100,100,100,100
ID_xjXxDQ.jpg,healthy,0.5,100,100,100,100
ID_JCXrae.jpg,healthy,0.5,100,100,100,100
ID_eiqfRF.jpg,healthy,0.5,100,100,100,100
ID_OVVyOZ.jpg,healthy,0.5,100,100,100,100
ID_I0DZzb.jpg,healthy,0.5,100,100,100,100
ID_tH76LR.jpg,healthy,0.5,100,100,100,100
ID_lGeS0D.jpg,healthy,0.5,100,100,100,100
ID_MRAHmq.jpg,healthy,0.5,100,100,100,100
ID_UZ1rko.jpg,healthy,0.5,100,100,100,100
ID_U9wv5h.jpg,healthy,0.5,100,100,100,100
ID_hmKSAg.jpg,healthy,0.5,100,100,100,100
ID_hLLkip.jpg,healthy,0.5,100,100,100,100
ID_EmeUOz.jpg,healthy,0.5,100,100,100,100
ID_PP5TqC.jpg,healthy,0.5,100,100,100,100
ID_aJfG4Y.jpg,healthy,0.5,100,100,100,100
ID_eohNCj.jpg,healthy,0.5,100,100,100,100
ID_Dt9R4S.jpg,healthy,0.5,100,100,100,100
ID_SXgYVp.jpg,healthy,0.5,100,100,100,100
ID_hQA5Qv.jpg,healthy,0.5,100,100,100,100
ID_TyCBsp.JPG,healthy,0.5,100,100,100,100
ID_fvOAVw.jpg,healthy,0.5,100,100,100,100
ID_y01vv2.jpg,healthy,0.5,100,100,100,100
ID_UZmHfH.JPG,healthy,0.5,100,100,100,100
ID_BMR78x.jpg,healthy,0.5,100,100,100,100
ID_CuBkOO.jpg,healthy,0.5,100,100,100,100
ID_iKFHn5.jpg,healthy,0.5,100,100,100,100
ID_bu374h.jpg,healthy,0.5,100,100,100,100
ID_mk4EeG.jpg,healthy,0.5,100,100,100,100
ID_E9zHw7.jpg,healthy,0.5,100,100,100,100
ID_w3XyZ2.jpg,healthy,0.5,100,100,100,100
ID_gxJl1S.jpg,healthy,0.5,100,100,100,100
ID_rgDeQr.jpg,healthy,0.5,100,100,100,100
ID_CUByHJ.jpg,healthy,0.5,100,100,100,100
ID_vJsw6z.jpg,healthy,0.5,100,100,100,100
ID_XTDdUo.jpg,healthy,0.5,100,100,100,100
ID_yl1h4y.jpg,healthy,0.5,100,100,100,100
ID_TOmUKb.jpg,healthy,0.5,100,100,100,100
ID_clveDG.jpg,healthy,0.5,100,100,100,100
ID_dNIcv3.jpg,healthy,0.5,100,100,100,100
ID_B6Bi68.jpg,healthy,0.5,100,100,100,100
ID_ZR2coE.jpg,healthy,0.5,100,100,100,100
ID_ZAPBMc.jpg,healthy,0.5,100,100,100,100
ID_hHQBc3.jpg,healthy,0.5,100,100,100,100
ID_BWl0VT.jpg,healthy,0.5,100,100,100,100
ID_TDtaFB.jpg,healthy,0.5,100,100,100,100
ID_ggiw4m.jpg,healthy,0.5,100,100,100,100
ID_gChBxR.jpg,healthy,0.5,100,100,100,100
ID_hNwMCv.jpg,healthy,0.5,100,100,100,100
ID_EQ9YWy.jpg,healthy,0.5,100,100,100,100
ID_m8whrH.jpg,healthy,0.5,100,100,100,100
ID_hJ9RCx.jpeg,healthy,0.5,100,100,100,100
ID_jBitM8.jpeg,healthy,0.5,100,100,100,100
ID_EGzXyJ.jpg,healthy,0.5,100,100,100,100
ID_UptcTn.jpg,healthy,0.5,100,100,100,100
ID_KRBWR8.jpeg,healthy,0.5,100,100,100,100
ID_AvhFY7.jpg,healthy,0.5,100,100,100,100
ID_XIQOkX.jpg,healthy,0.5,100,100,100,100
ID_ySwQ19.jpeg,healthy,0.5,100,100,100,100
ID_hyZmLZ.jpg,healthy,0.5,100,100,100,100
ID_V0D6Lp.jpeg,healthy,0.5,100,100,100,100
ID_DjtECY.jpeg,healthy,0.5,100,100,100,100
ID_MUYBb1.jpg,healthy,0.5,100,100,100,100
ID_s762So.jpg,healthy,0.5,100,100,100,100
ID_EsG9PW.jpeg,healthy,0.5,100,100,100,100
ID_hFfEUF.jpeg,healthy,0.5,100,100,100,100
ID_M4SGQm.jpg,healthy,0.5,100,100,100,100
ID_QSdkq6.jpeg,healthy,0.5,100,100,100,100
ID_rSmGHZ.jpg,healthy,0.5,100,100,100,100
ID_GQ9JKt.jpeg,healthy,0.5,100,100,100,100
ID_G9YWm0.jpg,healthy,0.5,100,100,100,100
ID_XEbuST.jpg,healthy,0.5,100,100,100,100
ID_Mag0Kw.jpeg,healthy,0.5,100,100,100,100
ID_fWXNNI.jpg,healthy,0.5,100,100,100,100
ID_X19ldl.jpg,healthy,0.5,100,100,100,100
ID_BbuHsd.jpeg,healthy,0.5,100,100,100,100
ID_WS9KyG.jpeg,healthy,0.5,100,100,100,100
ID_w7N6iO.jpg,healthy,0.5,100,100,100,100
ID_UzoTeR.jpg,healthy,0.5,100,100,100,100
ID_ItYYic.jpeg,healthy,0.5,100,100,100,100
ID_PKIRRi.jpeg,healthy,0.5,100,100,100,100
ID_xEe0aD.jpg,healthy,0.5,100,100,100,100
ID_jO4Pjm.jpeg,healthy,0.5,100,100,100,100
ID_UTMPlH.jpeg,healthy,0.5,100,100,100,100
ID_eCoRYk.jpeg,healthy,0.5,100,100,100,100
ID_A1Euyz.jpg,healthy,0.5,100,100,100,100
ID_Tl30M7.jpeg,healthy,0.5,100,100,100,100
ID_L7tNJ5.jpg,healthy,0.5,100,100,100,100
ID_A1HcV0.jpeg,healthy,0.5,100,100,100,100
ID_YGtgH6.jpeg,healthy,0.5,100,100,100,100
ID_y1htIj.jpeg,healthy,0.5,100,100,100,100
ID_YBVOuf.jpg,healthy,0.5,100,100,100,100
ID_asy8YG.jpeg,healthy,0.5,100,100,100,100
ID_PtAIIA.jpeg,healthy,0.5,100,100,100,100
ID_JedGVg.jpg,healthy,0.5,100,100,100,100
ID_tTFNac.jpg,healthy,0.5,100,100,100,100
ID_kDt6VL.jpg,healthy,0.5,100,100,100,100
ID_ZQxVRX.jpeg,healthy,0.5,100,100,100,100
ID_cYzrtu.jpg,healthy,0.5,100,100,100,100
ID_JgQ193.jpg,healthy,0.5,100,100,100,100
ID_mj9r13.jpeg,healthy,0.5,100,100,100,100
ID_aH8VDa.jpeg,healthy,0.5,100,100,100,100
ID_Rs0rTN.jpg,healthy,0.5,100,100,100,100
ID_Gc703Q.jpg,healthy,0.5,100,100,100,100
ID_THFPyF.jpeg,healthy,0.5,100,100,100,100
ID_fYpTjz.jpeg,healthy,0.5,100,100,100,100
ID_p8IW20.jpeg,healthy,0.5,100,100,100,100
ID_CcIssk.jpg,healthy,0.5,100,100,100,100
ID_ras2bs.jpg,healthy,0.5,100,100,100,100
ID_xK8ICq.jpeg,healthy,0.5,100,100,100,100
ID_R6trN8.jpeg,healthy,0.5,100,100,100,100
ID_f6eOd7.jpeg,healthy,0.5,100,100,100,100
ID_A6Fogi.jpeg,healthy,0.5,100,100,100,100
ID_yIcAt3.jpg,healthy,0.5,100,100,100,100
ID_LEiRHI.jpg,healthy,0.5,100,100,100,100
ID_qnh2w8.jpg,healthy,0.5,100,100,100,100
ID_dKqPTW.jpeg,healthy,0.5,100,100,100,100
ID_EOFmpE.jpeg,healthy,0.5,100,100,100,100
ID_LrMSIZ.jpg,healthy,0.5,100,100,100,100
ID_HvcZGc.jpeg,healthy,0.5,100,100,100,100
ID_I039Xf.jpg,healthy,0.5,100,100,100,100
ID_f3L3v3.jpeg,healthy,0.5,100,100,100,100
ID_eA9nie.jpg,healthy,0.5,100,100,100,100
ID_NnGyQS.jpg,healthy,0.5,100,100,100,100
ID_XWdLBZ.jpg,healthy,0.5,100,100,100,100
ID_ZLCtK8.jpeg,healthy,0.5,100,100,100,100
ID_wSjCHI.jpg,healthy,0.5,100,100,100,100
ID_oLdD1g.jpeg,healthy,0.5,100,100,100,100
ID_eFaC28.jpeg,healthy,0.5,100,100,100,100
ID_pwg2a0.jpeg,healthy,0.5,100,100,100,100
ID_Fb4rRp.jpg,healthy,0.5,100,100,100,100
ID_W4FtX5.jpeg,healthy,0.5,100,100,100,100
ID_zkdTGk.jpg,healthy,0.5,100,100,100,100
ID_VC9GE4.jpg,healthy,0.5,100,100,100,100
ID_lEQZl6.jpg,healthy,0.5,100,100,100,100
ID_GX6BsX.jpeg,healthy,0.5,100,100,100,100
ID_FZMdSa.jpeg,healthy,0.5,100,100,100,100
ID_BB69K4.jpg,healthy,0.5,100,100,100,100
ID_jiosRJ.jpeg,healthy,0.5,100,100,100,100
ID_H2M4po.jpeg,healthy,0.5,100,100,100,100
ID_VhNzV9.jpeg,healthy,0.5,100,100,100,100
ID_eMuJcQ.jpeg,healthy,0.5,100,100,100,100
ID_kHv0oq.jpeg,healthy,0.5,100,100,100,100
ID_EljkV9.jpg,healthy,0.5,100,100,100,100
ID_wUUlmx.jpeg,healthy,0.5,100,100,100,100
ID_jlnthU.jpeg,healthy,0.5,100,100,100,100
ID_Qxdm0a.jpeg,healthy,0.5,100,100,100,100
ID_ytdXbX.jpg,healthy,0.5,100,100,100,100
ID_EBhZzJ.jpeg,healthy,0.5,100,100,100,100
ID_Ljsm1u.jpg,healthy,0.5,100,100,100,100
ID_S7R1dz.jpeg,healthy,0.5,100,100,100,100
ID_lmbhOa.jpg,healthy,0.5,100,100,100,100
ID_pxrJ4f.jpg,healthy,0.5,100,100,100,100
ID_LzFwB3.jpg,healthy,0.5,100,100,100,100
ID_LOckOg.jpeg,healthy,0.5,100,100,100,100
ID_o2Gyy3.jpg,healthy,0.5,100,100,100,100
ID_mssdYp.jpg,healthy,0.5,100,100,100,100
ID_XSQdrt.jpeg,healthy,0.5,100,100,100,100
ID_l7Rbyv.jpeg,healthy,0.5,100,100,100,100
ID_AqSCmf.jpeg,healthy,0.5,100,100,100,100
ID_dHYPgN.jpg,healthy,0.5,100,100,100,100
ID_dJzJiB.jpg,healthy,0.5,100,100,100,100
ID_ejxsiL.jpg,healthy,0.5,100,100,100,100
ID_MAbZNE.jpg,healthy,0.5,100,100,100,100
ID_vyuFDL.jpg,healthy,0.5,100,100,100,100
ID_KmwJ73.jpg,healthy,0.5,100,100,100,100
ID_q23bLN.jpg,healthy,0.5,100,100,100,100
ID_wXf9J2.jpg,healthy,0.5,100,100,100,100
ID_t4oxxC.jpg,healthy,0.5,100,100,100,100
ID_Yspbo5.jpg,healthy,0.5,100,100,100,100
ID_szH9Dd.jpg,healthy,0.5,100,100,100,100
ID_N1yqEo.jpg,healthy,0.5,100,100,100,100
ID_L7l34l.jpg,healthy,0.5,100,100,100,100
ID_b3HQYb.jpg,healthy,0.5,100,100,100,100
ID_JfM7dx.jpg,healthy,0.5,100,100,100,100
ID_Vq59xO.jpg,healthy,0.5,100,100,100,100
ID_xlz2aO.jpg,healthy,0.5,100,100,100,100
ID_TLXVg2.jpg,healthy,0.5,100,100,100,100
ID_CTJaUE.jpg,healthy,0.5,100,100,100,100
ID_wbijTg.jpg,healthy,0.5,100,100,100,100
ID_m0or8l.jpg,healthy,0.5,100,100,100,100
ID_gwKLiE.jpg,healthy,0.5,100,100,100,100
ID_zZzDQd.jpg,healthy,0.5,100,100,100,100
ID_ElTBwd.jpg,healthy,0.5,100,100,100,100
ID_DorYRG.jpg,healthy,0.5,100,100,100,100
ID_FC7Nif.jpg,healthy,0.5,100,100,100,100
ID_UQFoy1.jpg,healthy,0.5,100,100,100,100
ID_xy2IQY.jpg,healthy,0.5,100,100,100,100
ID_aY2yXb.jpg,healthy,0.5,100,100,100,100
ID_V7syTo.jpg,healthy,0.5,100,100,100,100
ID_G3jSd8.jpg,healthy,0.5,100,100,100,100
ID_IAXZXi.jpg,healthy,0.5,100,100,100,100
ID_xYJaCN.jpg,healthy,0.5,100,100,100,100
ID_TWMyl4.jpg,healthy,0.5,100,100,100,100
ID_ehbYgK.jpg,healthy,0.5,100,100,100,100
ID_tf1cZY.jpg,healthy,0.5,100,100,100,100
ID_i5VHxx.jpg,healthy,0.5,100,100,100,100
ID_hW0piA.jpg,healthy,0.5,100,100,100,100
ID_YGrcG9.jpg,healthy,0.5,100,100,100,100
ID_YMWl03.jpg,healthy,0.5,100,100,100,100
ID_uR3O2z.jpg,healthy,0.5,100,100,100,100
ID_DdPn6R.jpg,healthy,0.5,100,100,100,100
ID_kEdXYw.jpg,healthy,0.5,100,100,100,100
ID_YMRuoN.jpg,healthy,0.5,100,100,100,100
ID_AweW1B.jpg,healthy,0.5,100,100,100,100
ID_GAVVFt.jpg,healthy,0.5,100,100,100,100
ID_OKnByL.jpg,healthy,0.5,100,100,100,100
ID_dRyjub.jpg,healthy,0.5,100,100,100,100
ID_TKpRMW.jpg,healthy,0.5,100,100,100,100
ID_qinFuE.jpg,healthy,0.5,100,100,100,100
ID_z3a4Pz.jpg,healthy,0.5,100,100,100,100
ID_nzhupC.jpg,healthy,0.5,100,100,100,100
ID_cGsLV1.jpg,healthy,0.5,100,100,100,100
ID_FHV9TQ.jpg,healthy,0.5,100,100,100,100
ID_SceXBD.jpg,healthy,0.5,100,100,100,100
ID_k2LylP.jpg,healthy,0.5,100,100,100,100
ID_FsrFzQ.jpg,healthy,0.5,100,100,100,100
ID_WSLns6.jpg,healthy,0.5,100,100,100,100
ID_uaodz4.jpg,healthy,0.5,100,100,100,100
ID_E27ZzV.jpg,healthy,0.5,100,100,100,100
ID_I31J34.jpg,healthy,0.5,100,100,100,100
ID_nnRffu.jpg,healthy,0.5,100,100,100,100
ID_rkz8cy.jpg,healthy,0.5,100,100,100,100
ID_F604TY.jpg,healthy,0.5,100,100,100,100
ID_qBYpS9.jpg,healthy,0.5,100,100,100,100
ID_rduPKu.jpg,healthy,0.5,100,100,100,100
ID_ZiomN9.jpg,healthy,0.5,100,100,100,100
ID_RhFTLb.jpg,healthy,0.5,100,100,100,100
ID_I4yQcX.jpg,healthy,0.5,100,100,100,100
ID_Cw5fwO.jpg,healthy,0.5,100,100,100,100
ID_LW5x6q.jpg,healthy,0.5,100,100,100,100
ID_UIaTe7.jpg,healthy,0.5,100,100,100,100
ID_jFyEIK.jpg,healthy,0.5,100,100,100,100
ID_LnbQQF.jpg,healthy,0.5,100,100,100,100
ID_mNXgiD.jpg,healthy,0.5,100,100,100,100
ID_IClv1d.jpg,healthy,0.5,100,100,100,100
ID_erqIoE.jpg,healthy,0.5,100,100,100,100
ID_VtWgbl.jpg,healthy,0.5,100,100,100,100
ID_yD91GY.jpg,healthy,0.5,100,100,100,100
ID_U0BYn7.jpg,healthy,0.5,100,100,100,100
ID_tkkwqj.jpg,healthy,0.5,100,100,100,100
ID_GXD0Ks.jpg,healthy,0.5,100,100,100,100
ID_hvQNV0.jpg,healthy,0.5,100,100,100,100
ID_eNeH9u.jpg,healthy,0.5,100,100,100,100
ID_hBZYGx.jpg,healthy,0.5,100,100,100,100
ID_cTHWwG.jpg,healthy,0.5,100,100,100,100
ID_d9Kawp.jpg,healthy,0.5,100,100,100,100
ID_pnZVaB.jpg,healthy,0.5,100,100,100,100
ID_NOFmdO.jpg,healthy,0.5,100,100,100,100
ID_QnHz8A.jpg,healthy,0.5,100,100,100,100
ID_IlKAAg.jpg,healthy,0.5,100,100,100,100
ID_BWoPJE.jpg,healthy,0.5,100,100,100,100
ID_VLFJSv.jpg,healthy,0.5,100,100,100,100
ID_TEq9KZ.jpg,healthy,0.5,100,100,100,100
ID_lyD4g5.jpg,healthy,0.5,100,100,100,100
ID_yxi9rE.jpg,healthy,0.5,100,100,100,100
ID_b0uf2A.jpg,healthy,0.5,100,100,100,100
ID_iTTByS.jpg,healthy,0.5,100,100,100,100
ID_G8FKIB.jpg,healthy,0.5,100,100,100,100
ID_vXgQwz.jpg,healthy,0.5,100,100,100,100
ID_OgEb5I.jpg,healthy,0.5,100,100,100,100
ID_bA2YCT.jpg,healthy,0.5,100,100,100,100
ID_fYwTpc.jpg,healthy,0.5,100,100,100,100
ID_dt3E5p.jpg,healthy,0.5,100,100,100,100
ID_q6Rgy9.jpg,healthy,0.5,100,100,100,100
ID_mPuur5.jpg,healthy,0.5,100,100,100,100
ID_yKiZHu.jpg,healthy,0.5,100,100,100,100
ID_ZOEuyF.jpg,healthy,0.5,100,100,100,100
ID_AwZkd2.jpg,healthy,0.5,100,100,100,100
ID_auLOPi.jpg,healthy,0.5,100,100,100,100
ID_gUEBGE.jpg,healthy,0.5,100,100,100,100
ID_HREepb.jpg,healthy,0.5,100,100,100,100
ID_DHCirx.jpg,healthy,0.5,100,100,100,100
ID_RpAD1x.jpg,healthy,0.5,100,100,100,100
ID_zpqJjo.jpg,healthy,0.5,100,100,100,100
ID_YCzZMn.jpg,healthy,0.5,100,100,100,100
ID_phlu23.jpg,healthy,0.5,100,100,100,100
ID_ZYbA7d.jpg,healthy,0.5,100,100,100,100
ID_a15jyy.jpg,healthy,0.5,100,100,100,100
ID_YhSvIO.jpg,healthy,0.5,100,100,100,100
ID_P2WvnN.jpg,healthy,0.5,100,100,100,100
ID_VltktB.jpg,healthy,0.5,100,100,100,100
ID_sMto8z.jpg,healthy,0.5,100,100,100,100
ID_TVonwa.jpg,healthy,0.5,100,100,100,100
ID_TIyJkf.jpg,healthy,0.5,100,100,100,100
ID_nGvx5q.jpg,healthy,0.5,100,100,100,100
ID_WQpdRN.jpg,healthy,0.5,100,100,100,100
ID_PH3bRp.jpg,healthy,0.5,100,100,100,100
ID_nui0Fo.jpg,healthy,0.5,100,100,100,100
ID_l0jVj6.jpg,healthy,0.5,100,100,100,100
ID_XiQ5Zy.jpg,healthy,0.5,100,100,100,100
ID_hnVy96.jpg,healthy,0.5,100,100,100,100
ID_KtDmpI.jpg,healthy,0.5,100,100,100,100
ID_gmo2BZ.jpg,healthy,0.5,100,100,100,100
ID_cJnedj.jpg,healthy,0.5,100,100,100,100
ID_Uuubv2.jpg,healthy,0.5,100,100,100,100
ID_WogKCn.jpg,healthy,0.5,100,100,100,100
ID_Zz62xP.jpg,healthy,0.5,100,100,100,100
ID_pliOuX.jpg,healthy,0.5,100,100,100,100
ID_pTFwON.jpg,healthy,0.5,100,100,100,100
ID_qA8Iv8.jpg,healthy,0.5,100,100,100,100
ID_gyfUir.jpg,healthy,0.5,100,100,100,100
ID_XYvWnu.jpg,healthy,0.5,100,100,100,100
ID_Q3N927.jpg,healthy,0.5,100,100,100,100
ID_g5ysGT.jpg,healthy,0.5,100,100,100,100
ID_DWOFob.jpg,healthy,0.5,100,100,100,100
ID_nSawWh.jpg,healthy,0.5,100,100,100,100
ID_ukOBhq.jpg,healthy,0.5,100,100,100,100
ID_W1Ldy3.jpg,healthy,0.5,100,100,100,100
ID_gUL19k.jpg,healthy,0.5,100,100,100,100
ID_Rh8XJd.jpg,healthy,0.5,100,100,100,100
ID_g8otVB.jpg,healthy,0.5,100,100,100,100
ID_dJM3bo.jpg,healthy,0.5,100,100,100,100
ID_XV81fD.jpg,healthy,0.5,100,100,100,100
ID_EmTTcz.jpg,healthy,0.5,100,100,100,100
ID_W0HVPm.jpg,healthy,0.5,100,100,100,100
ID_EdzwdN.jpg,healthy,0.5,100,100,100,100
ID_SyT2xj.jpg,healthy,0.5,100,100,100,100
ID_K6TSq2.jpg,healthy,0.5,100,100,100,100
ID_wwzx75.jpg,healthy,0.5,100,100,100,100
ID_KNTwFY.jpg,healthy,0.5,100,100,100,100
ID_iGN3un.jpg,healthy,0.5,100,100,100,100
ID_qfbYv3.jpg,healthy,0.5,100,100,100,100
ID_mcczYA.jpg,healthy,0.5,100,100,100,100
ID_kHJXVe.jpg,healthy,0.5,100,100,100,100
ID_jr7JD5.jpg,healthy,0.5,100,100,100,100
ID_VOLpYN.jpg,healthy,0.5,100,100,100,100
ID_dFCixl.jpg,healthy,0.5,100,100,100,100
ID_GySyuV.jpg,healthy,0.5,100,100,100,100
ID_Be0vKo.jpg,healthy,0.5,100,100,100,100
ID_FQs6k1.jpg,healthy,0.5,100,100,100,100
ID_eFa8g0.jpg,healthy,0.5,100,100,100,100
ID_a7m7Ky.jpg,healthy,0.5,100,100,100,100
ID_qxOohj.jpg,healthy,0.5,100,100,100,100
ID_VbcDXI.jpg,healthy,0.5,100,100,100,100
ID_bwH4Zt.jpg,healthy,0.5,100,100,100,100
ID_zpxAXu.jpg,healthy,0.5,100,100,100,100
ID_NHHRG9.jpg,healthy,0.5,100,100,100,100
ID_su28vA.jpg,healthy,0.5,100,100,100,100
ID_Tsb0A0.jpg,healthy,0.5,100,100,100,100
ID_RynouZ.jpg,healthy,0.5,100,100,100,100
ID_m7uq3u.jpg,healthy,0.5,100,100,100,100
ID_qrMflt.jpg,healthy,0.5,100,100,100,100
ID_slp0C2.jpg,healthy,0.5,100,100,100,100
ID_vKfUee.jpg,healthy,0.5,100,100,100,100
ID_o9xGiZ.jpeg,healthy,0.5,100,100,100,100
ID_Josquf.JPG,healthy,0.5,100,100,100,100
ID_loMvz3.jpeg,healthy,0.5,100,100,100,100
ID_y9PmTs.JPG,healthy,0.5,100,100,100,100
ID_dVZmRt.jpeg,healthy,0.5,100,100,100,100
ID_O6Y3Pp.jpeg,healthy,0.5,100,100,100,100
ID_VqylTD.jpeg,healthy,0.5,100,100,100,100
ID_v4rouK.jpeg,healthy,0.5,100,100,100,100
ID_SdD2yO.JPG,healthy,0.5,100,100,100,100
ID_PNdJoa.jpeg,healthy,0.5,100,100,100,100
ID_J06bJZ.jpeg,healthy,0.5,100,100,100,100
ID_GRoUWA.JPG,healthy,0.5,100,100,100,100
ID_t0kbuH.jpg,healthy,0.5,100,100,100,100
ID_bgDyl3.JPG,healthy,0.5,100,100,100,100
ID_MNwF62.jpg,healthy,0.5,100,100,100,100
ID_XoAAeX.jpeg,healthy,0.5,100,100,100,100
ID_Nurt45.jpeg,healthy,0.5,100,100,100,100
ID_NIl2vH.jpeg,healthy,0.5,100,100,100,100
ID_l8hBRM.JPG,healthy,0.5,100,100,100,100
ID_wKhaSp.jpg,healthy,0.5,100,100,100,100
ID_FfJt83.JPG,healthy,0.5,100,100,100,100
ID_o6Mto0.JPG,healthy,0.5,100,100,100,100
ID_ARfduS.jpg,healthy,0.5,100,100,100,100
ID_TCRFEQ.JPG,healthy,0.5,100,100,100,100
ID_MYpc48.jpeg,healthy,0.5,100,100,100,100
ID_DbrLAf.jpeg,healthy,0.5,100,100,100,100
ID_A4ZdJC.jpeg,healthy,0.5,100,100,100,100
ID_YATAta.jpeg,healthy,0.5,100,100,100,100
ID_l4spjA.JPG,healthy,0.5,100,100,100,100
ID_Lh0MPo.jpeg,healthy,0.5,100,100,100,100
ID_Z2Yu1j.jpg,healthy,0.5,100,100,100,100
ID_BKGaS6.jpeg,healthy,0.5,100,100,100,100
ID_zpXC4u.JPG,healthy,0.5,100,100,100,100
ID_bOtZ4G.JPG,healthy,0.5,100,100,100,100
ID_Gpjk0X.JPG,healthy,0.5,100,100,100,100
ID_QZECWO.jpeg,healthy,0.5,100,100,100,100
ID_RVvzmV.jpeg,healthy,0.5,100,100,100,100
ID_RvIRbs.jpeg,healthy,0.5,100,100,100,100
ID_kDub9n.jpeg,healthy,0.5,100,100,100,100
ID_anegvH.jpeg,healthy,0.5,100,100,100,100
ID_XAcZ89.jpeg,healthy,0.5,100,100,100,100
ID_wSnNtD.JPG,healthy,0.5,100,100,100,100
ID_Byn4Lt.JPG,healthy,0.5,100,100,100,100
ID_L5vm7u.jpeg,healthy,0.5,100,100,100,100
ID_JIXDdd.jpeg,healthy,0.5,100,100,100,100
ID_J93yB8.jpeg,healthy,0.5,100,100,100,100
ID_u0EnNo.jpg,healthy,0.5,100,100,100,100
ID_qF23Xs.jpeg,healthy,0.5,100,100,100,100
ID_kJARM7.jpg,healthy,0.5,100,100,100,100
ID_u9M7lL.jpeg,healthy,0.5,100,100,100,100
ID_Kwu8Oa.jpg,healthy,0.5,100,100,100,100
ID_hYKtFA.JPG,healthy,0.5,100,100,100,100
ID_TkQFgc.jpg,healthy,0.5,100,100,100,100
ID_TnbSXI.jpeg,healthy,0.5,100,100,100,100
ID_yj8UoR.JPG,healthy,0.5,100,100,100,100
ID_JB5iiu.JPG,healthy,0.5,100,100,100,100
ID_F5v3g7.JPG,healthy,0.5,100,100,100,100
ID_agrzCp.jpg,healthy,0.5,100,100,100,100
ID_fYQixb.jpeg,healthy,0.5,100,100,100,100
ID_L6bLmM.jpeg,healthy,0.5,100,100,100,100
ID_b0zwXq.jpeg,healthy,0.5,100,100,100,100
ID_ykD8wr.JPG,healthy,0.5,100,100,100,100
ID_mirK4L.JPG,healthy,0.5,100,100,100,100
ID_jvBAbL.jpg,healthy,0.5,100,100,100,100
ID_dlFmzD.jpeg,healthy,0.5,100,100,100,100
ID_mk1ErX.jpeg,healthy,0.5,100,100,100,100
ID_zjLRFm.JPG,healthy,0.5,100,100,100,100
ID_UVK5Xv.jpg,healthy,0.5,100,100,100,100
ID_aMdVkL.JPG,healthy,0.5,100,100,100,100
ID_LuOSty.JPG,healthy,0.5,100,100,100,100
ID_S1PHIl.jpg,healthy,0.5,100,100,100,100
ID_OF78RK.jpeg,healthy,0.5,100,100,100,100
ID_ddUcmh.jpeg,healthy,0.5,100,100,100,100
ID_pIZoja.jpeg,healthy,0.5,100,100,100,100
ID_VtUtXq.jpeg,healthy,0.5,100,100,100,100
ID_xQH3S6.jpeg,healthy,0.5,100,100,100,100
ID_yPWd1K.jpeg,healthy,0.5,100,100,100,100
ID_PU4EzR.JPG,healthy,0.5,100,100,100,100
ID_YdYAzU.jpg,healthy,0.5,100,100,100,100
ID_QHuaJE.JPG,healthy,0.5,100,100,100,100
ID_kLKJFt.jpg,healthy,0.5,100,100,100,100
ID_loZek4.jpeg,healthy,0.5,100,100,100,100
ID_qdfgRf.jpg,healthy,0.5,100,100,100,100
ID_rry4FO.JPG,healthy,0.5,100,100,100,100
ID_VbGL5b.JPG,healthy,0.5,100,100,100,100
ID_OdAr6W.jpg,healthy,0.5,100,100,100,100
ID_gVLejj.jpeg,healthy,0.5,100,100,100,100
ID_dPWfDI.JPG,healthy,0.5,100,100,100,100
ID_Vbc7tX.JPG,healthy,0.5,100,100,100,100
ID_IyJq31.JPG,healthy,0.5,100,100,100,100
ID_Fk76ZX.jpeg,healthy,0.5,100,100,100,100
ID_htu4s6.jpeg,healthy,0.5,100,100,100,100
ID_onW3aY.jpg,healthy,0.5,100,100,100,100
ID_TAZIJ7.jpeg,healthy,0.5,100,100,100,100
ID_xB3PwL.jpeg,healthy,0.5,100,100,100,100
ID_FM0sbd.JPG,healthy,0.5,100,100,100,100
ID_Mm5qD3.JPG,healthy,0.5,100,100,100,100
ID_XBLbYU.JPG,healthy,0.5,100,100,100,100
ID_XlQcW0.JPG,healthy,0.5,100,100,100,100
ID_qSCHkr.JPG,healthy,0.5,100,100,100,100
ID_myReVS.JPG,healthy,0.5,100,100,100,100
ID_U4mJjc.JPG,healthy,0.5,100,100,100,100
ID_h2CK7l.jpeg,healthy,0.5,100,100,100,100
ID_r5wbRA.jpeg,healthy,0.5,100,100,100,100
ID_wGs0TG.JPG,healthy,0.5,100,100,100,100
ID_LEar2W.jpeg,healthy,0.5,100,100,100,100
ID_tIRab8.jpeg,healthy,0.5,100,100,100,100
ID_ScrLWI.jpeg,healthy,0.5,100,100,100,100
ID_RgKZv7.jpeg,healthy,0.5,100,100,100,100
ID_AypcIr.jpeg,healthy,0.5,100,100,100,100
ID_j63MMY.jpeg,healthy,0.5,100,100,100,100
ID_yAA9sh.jpeg,healthy,0.5,100,100,100,100
ID_deLiI1.jpeg,healthy,0.5,100,100,100,100
ID_nFwzTz.jpeg,healthy,0.5,100,100,100,100
ID_vKDGJD.jpeg,healthy,0.5,100,100,100,100
ID_Q1KDRy.jpeg,healthy,0.5,100,100,100,100
ID_FDAz2F.jpeg,healthy,0.5,100,100,100,100
ID_UP8Zp9.jpeg,healthy,0.5,100,100,100,100
ID_SQy8i7.jpeg,healthy,0.5,100,100,100,100
ID_GruvRf.jpeg,healthy,0.5,100,100,100,100
ID_nl5wJe.jpeg,healthy,0.5,100,100,100,100
ID_LkGCye.jpeg,healthy,0.5,100,100,100,100
ID_AhZ64h.jpeg,healthy,0.5,100,100,100,100
ID_h8HudT.jpeg,healthy,0.5,100,100,100,100
ID_ho5pCV.jpeg,healthy,0.5,100,100,100,100
ID_sVtcQI.jpeg,healthy,0.5,100,100,100,100
ID_JfmHHi.jpeg,healthy,0.5,100,100,100,100
ID_RcvF8N.jpeg,healthy,0.5,100,100,100,100
ID_ZXL2eL.jpeg,healthy,0.5,100,100,100,100
ID_iDEFh8.jpg,healthy,0.5,100,100,100,100
ID_Ne1ISX.jpeg,healthy,0.5,100,100,100,100
ID_mn0W1x.jpeg,healthy,0.5,100,100,100,100
ID_tBKR7L.jpeg,healthy,0.5,100,100,100,100
ID_YRcFgg.jpeg,healthy,0.5,100,100,100,100
ID_vQJj2Y.jpg,healthy,0.5,100,100,100,100
ID_VS5coP.jpeg,healthy,0.5,100,100,100,100
ID_nLjVPq.jpeg,healthy,0.5,100,100,100,100
ID_zxvYPO.jpeg,healthy,0.5,100,100,100,100
ID_aatE8l.jpeg,healthy,0.5,100,100,100,100
ID_wZPD6Z.jpeg,healthy,0.5,100,100,100,100
ID_J71gF7.jpeg,healthy,0.5,100,100,100,100
ID_Qe7Lg1.jpeg,healthy,0.5,100,100,100,100
ID_mJsjdn.jpeg,healthy,0.5,100,100,100,100
ID_yE8O3e.jpeg,healthy,0.5,100,100,100,100
ID_TbaWHO.jpeg,healthy,0.5,100,100,100,100
ID_QqFVxR.jpeg,healthy,0.5,100,100,100,100
ID_AKu1Rh.jpeg,healthy,0.5,100,100,100,100
ID_R3h05n.jpg,healthy,0.5,100,100,100,100
ID_sw44Lu.jpeg,healthy,0.5,100,100,100,100
ID_dOlj9R.jpeg,healthy,0.5,100,100,100,100
ID_WYxe7D.jpeg,healthy,0.5,100,100,100,100
ID_VzT72C.jpeg,healthy,0.5,100,100,100,100
ID_MzjZem.jpeg,healthy,0.5,100,100,100,100
ID_iOTLqo.jpeg,healthy,0.5,100,100,100,100
ID_uns3aa.jpeg,healthy,0.5,100,100,100,100
ID_vdPy4g.jpeg,healthy,0.5,100,100,100,100
ID_IJFePk.jpeg,healthy,0.5,100,100,100,100
ID_LADJTN.jpeg,healthy,0.5,100,100,100,100
ID_WB3jGx.jpeg,healthy,0.5,100,100,100,100
ID_ozIUhF.jpeg,healthy,0.5,100,100,100,100
ID_LqMAW4.jpeg,healthy,0.5,100,100,100,100
ID_UMhEPd.jpeg,healthy,0.5,100,100,100,100
ID_IabbE3.jpeg,healthy,0.5,100,100,100,100
ID_Un7EbF.jpeg,healthy,0.5,100,100,100,100
ID_pn5Moa.jpeg,healthy,0.5,100,100,100,100
ID_I72DYt.jpeg,healthy,0.5,100,100,100,100
ID_pO0cXq.jpeg,healthy,0.5,100,100,100,100
ID_Pj910V.jpeg,healthy,0.5,100,100,100,100
ID_EWolCN.jpeg,healthy,0.5,100,100,100,100
ID_G0OzBp.jpg,healthy,0.5,100,100,100,100
ID_hj1Gx1.jpeg,healthy,0.5,100,100,100,100
ID_Lrp6tK.jpeg,healthy,0.5,100,100,100,100
ID_lnlgta.jpeg,healthy,0.5,100,100,100,100
ID_d9Rp5A.jpeg,healthy,0.5,100,100,100,100
ID_cWEAQI.jpeg,healthy,0.5,100,100,100,100
ID_PZvJCn.jpeg,healthy,0.5,100,100,100,100
ID_jDY3MR.jpeg,healthy,0.5,100,100,100,100
ID_idyM5h.jpeg,healthy,0.5,100,100,100,100
ID_agHwYS.jpeg,healthy,0.5,100,100,100,100
ID_teJw25.jpeg,healthy,0.5,100,100,100,100
ID_bl3IBt.jpeg,healthy,0.5,100,100,100,100
ID_QCZLFs.jpeg,healthy,0.5,100,100,100,100
ID_bVaZn7.jpeg,healthy,0.5,100,100,100,100
ID_zGfZpI.jpeg,healthy,0.5,100,100,100,100
ID_zEln95.jpeg,healthy,0.5,100,100,100,100
ID_y680f0.jpeg,healthy,0.5,100,100,100,100
ID_FbsP3U.JPG,healthy,0.5,100,100,100,100
ID_db9KWW.jpg,healthy,0.5,100,100,100,100
ID_Egf8mv.jpg,healthy,0.5,100,100,100,100
ID_T3gcBb.JPG,healthy,0.5,100,100,100,100
ID_J0i3Jb.jpg,healthy,0.5,100,100,100,100
ID_pYkIQk.JPG,healthy,0.5,100,100,100,100
ID_cGKXRw.jpg,healthy,0.5,100,100,100,100
ID_yYEvdD.jpg,healthy,0.5,100,100,100,100
ID_rDTwtK.jpg,healthy,0.5,100,100,100,100
ID_ttf2eL.JPG,healthy,0.5,100,100,100,100
ID_jHqWXa.jpg,healthy,0.5,100,100,100,100
ID_pWNuF0.jpg,healthy,0.5,100,100,100,100
ID_oxrYai.jpg,healthy,0.5,100,100,100,100
ID_x5fJYT.jpg,healthy,0.5,100,100,100,100
ID_kvMeX2.JPG,healthy,0.5,100,100,100,100
ID_qpvWGX.jpg,healthy,0.5,100,100,100,100
ID_kVPZX8.jpg,healthy,0.5,100,100,100,100
ID_LdnKe8.jpg,healthy,0.5,100,100,100,100
ID_ooG7KY.jpg,healthy,0.5,100,100,100,100
ID_yWCG8L.jpg,healthy,0.5,100,100,100,100
ID_XzSqhK.JPG,healthy,0.5,100,100,100,100
ID_Yc3rtZ.jpg,healthy,0.5,100,100,100,100
ID_G88tEZ.JPG,healthy,0.5,100,100,100,100
ID_zYKCq8.jpg,healthy,0.5,100,100,100,100
ID_oR0uum.jpg,healthy,0.5,100,100,100,100
ID_b0PKMq.jpg,healthy,0.5,100,100,100,100
ID_wBDH5r.jpg,healthy,0.5,100,100,100,100
ID_xPZf5p.jpg,healthy,0.5,100,100,100,100
ID_xGu1Jv.JPG,healthy,0.5,100,100,100,100
ID_niJqUH.jpg,healthy,0.5,100,100,100,100
ID_hZNoLp.jpg,healthy,0.5,100,100,100,100
ID_vC31ze.JPG,healthy,0.5,100,100,100,100
ID_a0srv9.jpg,healthy,0.5,100,100,100,100
ID_oE9rtC.jpg,healthy,0.5,100,100,100,100
ID_zasnLd.jpg,healthy,0.5,100,100,100,100
ID_LImmc4.jpeg,healthy,0.5,100,100,100,100
ID_KQINTu.jpeg,healthy,0.5,100,100,100,100
ID_CjxpRk.JPG,healthy,0.5,100,100,100,100
ID_Opny9y.JPG,healthy,0.5,100,100,100,100
ID_IJpSTi.jpg,healthy,0.5,100,100,100,100
ID_w0zuYF.jpg,healthy,0.5,100,100,100,100
ID_Q0XNxq.jpg,healthy,0.5,100,100,100,100
ID_aXtY9k.jpg,healthy,0.5,100,100,100,100
ID_PS1fIb.jpg,healthy,0.5,100,100,100,100
ID_yxPJao.jpg,healthy,0.5,100,100,100,100
ID_mGappw.jpg,healthy,0.5,100,100,100,100
ID_bWrGAE.JPG,healthy,0.5,100,100,100,100
ID_L7jdBx.jpg,healthy,0.5,100,100,100,100
ID_kh5ilZ.JPG,healthy,0.5,100,100,100,100
ID_XvjhVZ.JPG,healthy,0.5,100,100,100,100
ID_hcfuoO.JPG,healthy,0.5,100,100,100,100
ID_gFTNlV.jpg,healthy,0.5,100,100,100,100
ID_d863CL.jpg,healthy,0.5,100,100,100,100
ID_msd0pU.jpg,healthy,0.5,100,100,100,100
ID_aHPQMO.jpg,healthy,0.5,100,100,100,100
ID_aXHYsK.JPG,healthy,0.5,100,100,100,100
ID_MryrEs.jpg,healthy,0.5,100,100,100,100
ID_ZOVQFd.jpg,healthy,0.5,100,100,100,100
ID_JDep7x.jpg,healthy,0.5,100,100,100,100
ID_l7lYFT.jpg,healthy,0.5,100,100,100,100
ID_LeHkk9.jpg,healthy,0.5,100,100,100,100
ID_vSr6vC.jpg,healthy,0.5,100,100,100,100
ID_bqjNRc.JPG,healthy,0.5,100,100,100,100
ID_FI7oJn.jpg,healthy,0.5,100,100,100,100
ID_TIDJQb.jpg,healthy,0.5,100,100,100,100
ID_XBQWUe.jpg,healthy,0.5,100,100,100,100
ID_fMnZ1J.jpg,healthy,0.5,100,100,100,100
ID_zHzByJ.jpg,healthy,0.5,100,100,100,100
ID_nEicnS.JPG,healthy,0.5,100,100,100,100
ID_tq5475.jpg,healthy,0.5,100,100,100,100
ID_PTbJZD.jpg,healthy,0.5,100,100,100,100
ID_rSy9ed.JPG,healthy,0.5,100,100,100,100
ID_g7Qwh5.jpg,healthy,0.5,100,100,100,100
ID_nztqNY.jpg,healthy,0.5,100,100,100,100
ID_mHoDGw.JPG,healthy,0.5,100,100,100,100
ID_Ivijgf.jpg,healthy,0.5,100,100,100,100
ID_jSMFXp.jpg,healthy,0.5,100,100,100,100
ID_QZmSyW.jpg,healthy,0.5,100,100,100,100
ID_FQ4xbi.jpg,healthy,0.5,100,100,100,100
ID_CkzYK9.jpg,healthy,0.5,100,100,100,100
ID_CsD8EL.jpg,healthy,0.5,100,100,100,100
ID_HTPRRT.jpg,healthy,0.5,100,100,100,100
ID_nRwW2A.jpg,healthy,0.5,100,100,100,100
ID_eQxB51.jpg,healthy,0.5,100,100,100,100
ID_LbEE0d.jpg,healthy,0.5,100,100,100,100
ID_fBSCLP.jpg,healthy,0.5,100,100,100,100
ID_Gbv0j3.jpg,healthy,0.5,100,100,100,100
ID_jBlpYQ.jpg,healthy,0.5,100,100,100,100
ID_g9HlX8.JPG,healthy,0.5,100,100,100,100
ID_eKexBX.JPG,healthy,0.5,100,100,100,100
ID_uovQd1.jpeg,healthy,0.5,100,100,100,100
ID_YyYHcE.jpg,healthy,0.5,100,100,100,100
ID_rJ0U1a.jpg,healthy,0.5,100,100,100,100
ID_OC53ff.jpg,healthy,0.5,100,100,100,100
ID_CrSUii.jpeg,healthy,0.5,100,100,100,100
ID_xXnK2V.jpg,healthy,0.5,100,100,100,100
ID_rSXpAa.jpg,healthy,0.5,100,100,100,100
ID_u0rBGo.jpg,healthy,0.5,100,100,100,100
ID_EcfejA.jpg,healthy,0.5,100,100,100,100
ID_waXjb4.jpg,healthy,0.5,100,100,100,100
ID_ibwcq7.jpg,healthy,0.5,100,100,100,100
ID_bhyI4V.jpg,healthy,0.5,100,100,100,100
ID_nT9Wsn.jpeg,healthy,0.5,100,100,100,100
ID_xUaz1f.jpg,healthy,0.5,100,100,100,100
ID_WPRGm9.jpg,healthy,0.5,100,100,100,100
ID_Suoisd.JPG,healthy,0.5,100,100,100,100
ID_jqWVUC.jpeg,healthy,0.5,100,100,100,100
ID_WA7xU6.jpg,healthy,0.5,100,100,100,100
ID_iVdvqB.jpg,healthy,0.5,100,100,100,100
ID_JsIHyJ.JPG,healthy,0.5,100,100,100,100
ID_KPndE7.jpg,healthy,0.5,100,100,100,100
ID_Xwi9os.jpg,healthy,0.5,100,100,100,100
ID_RC0I1m.jpg,healthy,0.5,100,100,100,100
ID_Yg0KUv.jpg,healthy,0.5,100,100,100,100
ID_rMv7Zl.jpg,healthy,0.5,100,100,100,100
ID_cQuu6A.jpg,healthy,0.5,100,100,100,100
ID_GkVLBT.jpg,healthy,0.5,100,100,100,100
ID_wVucYf.jpg,healthy,0.5,100,100,100,100
ID_MKDqil.jpg,healthy,0.5,100,100,100,100
ID_ksQokG.jpg,healthy,0.5,100,100,100,100
ID_K6IE1l.jpeg,healthy,0.5,100,100,100,100
ID_fSRfJZ.jpg,healthy,0.5,100,100,100,100
ID_YpuhPQ.jpg,healthy,0.5,100,100,100,100
ID_WKbWLx.jpeg,healthy,0.5,100,100,100,100
ID_qYyhqa.jpg,healthy,0.5,100,100,100,100
ID_Ut8r1t.jpg,healthy,0.5,100,100,100,100
ID_u6G2wV.jpg,healthy,0.5,100,100,100,100
ID_MZzLPS.jpg,healthy,0.5,100,100,100,100
ID_RD8L7Q.jpg,healthy,0.5,100,100,100,100
ID_dyozg8.JPG,healthy,0.5,100,100,100,100
ID_z2lQYj.jpg,healthy,0.5,100,100,100,100
ID_ZudzV1.jpg,healthy,0.5,100,100,100,100
ID_JlqtTb.jpg,healthy,0.5,100,100,100,100
ID_KGAwoD.jpg,healthy,0.5,100,100,100,100
ID_p2RFAX.jpg,healthy,0.5,100,100,100,100
ID_sqjPvs.jpg,healthy,0.5,100,100,100,100
ID_iRB9YA.jpg,healthy,0.5,100,100,100,100
ID_nu8inE.jpg,healthy,0.5,100,100,100,100
ID_xMdu8u.jpg,healthy,0.5,100,100,100,100
ID_sIIix8.jpg,healthy,0.5,100,100,100,100
ID_iJ345X.jpg,healthy,0.5,100,100,100,100
ID_ZurP0w.jpg,healthy,0.5,100,100,100,100
ID_WkurxP.jpg,healthy,0.5,100,100,100,100
ID_ynSfDY.jpg,healthy,0.5,100,100,100,100
ID_WIPv18.jpg,healthy,0.5,100,100,100,100
ID_RDuHV3.jpg,healthy,0.5,100,100,100,100
ID_h8uMuy.jpg,healthy,0.5,100,100,100,100
ID_azCzfu.jpg,healthy,0.5,100,100,100,100
ID_iZFxet.jpg,healthy,0.5,100,100,100,100
ID_QgrbIr.jpg,healthy,0.5,100,100,100,100
ID_jLLLAF.jpg,healthy,0.5,100,100,100,100
ID_C0Uehq.jpg,healthy,0.5,100,100,100,100
ID_KoFvdp.jpg,healthy,0.5,100,100,100,100
ID_nShX8a.jpg,healthy,0.5,100,100,100,100
ID_roZ2bL.jpeg,healthy,0.5,100,100,100,100
ID_Lm86ip.jpg,healthy,0.5,100,100,100,100
ID_Ko3wiJ.jpg,healthy,0.5,100,100,100,100
ID_pu7dUH.jpg,healthy,0.5,100,100,100,100
ID_AXba1J.jpg,healthy,0.5,100,100,100,100
ID_HXYnQl.jpeg,healthy,0.5,100,100,100,100
ID_ooSmq3.jpg,healthy,0.5,100,100,100,100
ID_JqWr5O.jpg,healthy,0.5,100,100,100,100
ID_Pc5LPR.jpeg,healthy,0.5,100,100,100,100
ID_GCZ1T9.jpg,healthy,0.5,100,100,100,100
ID_fO7fgj.jpg,healthy,0.5,100,100,100,100
ID_IjYDze.jpg,healthy,0.5,100,100,100,100
ID_y5rsMY.jpg,healthy,0.5,100,100,100,100
ID_Ibuz4I.jpg,healthy,0.5,100,100,100,100
ID_ws8Esn.jpg,healthy,0.5,100,100,100,100
ID_TEjtUB.jpg,healthy,0.5,100,100,100,100
ID_mpAMzq.jpg,healthy,0.5,100,100,100,100
ID_ewBCM4.jpg,healthy,0.5,100,100,100,100
ID_N0xnjL.jpg,healthy,0.5,100,100,100,100
ID_pvsYXM.jpeg,healthy,0.5,100,100,100,100
ID_j5mVgB.JPG,healthy,0.5,100,100,100,100
ID_uIkDoe.jpg,healthy,0.5,100,100,100,100
ID_w4Fsqv.jpeg,healthy,0.5,100,100,100,100
ID_fDgoZP.jpg,healthy,0.5,100,100,100,100
ID_J6zS4O.jpg,healthy,0.5,100,100,100,100
ID_MaKmbG.jpg,healthy,0.5,100,100,100,100
ID_TTSL8r.JPG,healthy,0.5,100,100,100,100
ID_R7eStk.jpg,healthy,0.5,100,100,100,100
ID_XwcCdA.jpg,healthy,0.5,100,100,100,100
ID_rvTrG9.jpg,healthy,0.5,100,100,100,100
ID_tnbptN.jpg,healthy,0.5,100,100,100,100
ID_wlkIm8.jpg,healthy,0.5,100,100,100,100
ID_pZxwNH.jpg,healthy,0.5,100,100,100,100
ID_fnfBmB.jpg,healthy,0.5,100,100,100,100
ID_UEtuEF.jpg,healthy,0.5,100,100,100,100
ID_TNiZUE.jpg,healthy,0.5,100,100,100,100
ID_F7Or4u.jpg,healthy,0.5,100,100,100,100
ID_fMQTN0.jpg,healthy,0.5,100,100,100,100
ID_kWKsnF.jpg,healthy,0.5,100,100,100,100
ID_lwv8qe.JPG,healthy,0.5,100,100,100,100
ID_FagcvQ.jpg,healthy,0.5,100,100,100,100
ID_MkwSuG.jpg,healthy,0.5,100,100,100,100
ID_MdCrOf.jpg,healthy,0.5,100,100,100,100
ID_D1Efw8.jpg,healthy,0.5,100,100,100,100
ID_CqDi1f.jpg,healthy,0.5,100,100,100,100
ID_rV6NA8.jpg,healthy,0.5,100,100,100,100
ID_Az60r3.jpg,healthy,0.5,100,100,100,100
ID_GDhaPT.jpg,healthy,0.5,100,100,100,100
ID_wOSKtS.jpg,healthy,0.5,100,100,100,100
ID_TF3v0I.jpg,healthy,0.5,100,100,100,100
ID_Ubcnkw.jpg,healthy,0.5,100,100,100,100
ID_mY7Knk.jpg,healthy,0.5,100,100,100,100
ID_nPqslt.jpg,healthy,0.5,100,100,100,100
ID_T79DbJ.jpg,healthy,0.5,100,100,100,100
ID_Ty8R17.jpg,healthy,0.5,100,100,100,100
ID_g4XGP8.jpg,healthy,0.5,100,100,100,100
ID_vpcwW4.jpeg,healthy,0.5,100,100,100,100
ID_p9vAO2.jpg,healthy,0.5,100,100,100,100
ID_jc8o9w.jpg,healthy,0.5,100,100,100,100
ID_lCVw1q.jpg,healthy,0.5,100,100,100,100
ID_vOd4du.jpeg,healthy,0.5,100,100,100,100
ID_sY0Ns4.jpg,healthy,0.5,100,100,100,100
ID_wc4VDk.jpg,healthy,0.5,100,100,100,100
ID_XkOWhr.jpg,healthy,0.5,100,100,100,100
ID_jcfiYK.jpeg,healthy,0.5,100,100,100,100
ID_oagAcI.jpg,healthy,0.5,100,100,100,100
ID_KCP4Sw.jpg,healthy,0.5,100,100,100,100
ID_UbtyYv.jpg,healthy,0.5,100,100,100,100
ID_SwIxej.jpg,healthy,0.5,100,100,100,100
ID_d6gpj1.jpg,healthy,0.5,100,100,100,100
ID_s56Oky.jpg,healthy,0.5,100,100,100,100
ID_zDhQnl.jpg,healthy,0.5,100,100,100,100
ID_tCXIxT.jpeg,healthy,0.5,100,100,100,100
ID_B9DYFf.jpg,healthy,0.5,100,100,100,100
ID_ZCMudK.jpg,healthy,0.5,100,100,100,100
ID_WWkuVQ.jpg,healthy,0.5,100,100,100,100
ID_sNijYN.jpg,healthy,0.5,100,100,100,100
ID_biAp3Y.jpg,healthy,0.5,100,100,100,100
ID_zOUCUN.jpg,healthy,0.5,100,100,100,100
ID_ymEEXT.jpg,healthy,0.5,100,100,100,100
ID_uZ9kxH.jpg,healthy,0.5,100,100,100,100
ID_c0U1lA.jpeg,healthy,0.5,100,100,100,100
ID_XwgRC8.jpg,healthy,0.5,100,100,100,100
ID_GqsAlR.jpg,healthy,0.5,100,100,100,100
ID_plGfpU.jpg,healthy,0.5,100,100,100,100
ID_GbKeZt.jpg,healthy,0.5,100,100,100,100
ID_cb1Wwh.jpg,healthy,0.5,100,100,100,100
ID_NHrOVD.jpg,healthy,0.5,100,100,100,100
ID_rO21Rv.jpg,healthy,0.5,100,100,100,100
ID_XxYDsU.jpg,healthy,0.5,100,100,100,100
ID_V2UnP2.jpg,healthy,0.5,100,100,100,100
ID_vTg3mr.jpg,healthy,0.5,100,100,100,100
ID_geqhfZ.jpg,healthy,0.5,100,100,100,100
ID_sAx23j.jpg,healthy,0.5,100,100,100,100
ID_d7p17d.jpeg,healthy,0.5,100,100,100,100
ID_GMWGve.jpg,healthy,0.5,100,100,100,100
ID_BcNWAl.jpeg,healthy,0.5,100,100,100,100
ID_iKbbSX.jpg,healthy,0.5,100,100,100,100
ID_SO8UBg.jpg,healthy,0.5,100,100,100,100
ID_lbQnF2.jpeg,healthy,0.5,100,100,100,100
ID_QtgSTU.JPG,healthy,0.5,100,100,100,100
ID_RFQ5Yy.jpg,healthy,0.5,100,100,100,100
ID_ocMDD4.jpg,healthy,0.5,100,100,100,100
ID_vhqF3p.jpg,healthy,0.5,100,100,100,100
ID_LxkN0r.jpg,healthy,0.5,100,100,100,100
ID_rPGfuC.jpg,healthy,0.5,100,100,100,100
ID_D7howW.jpg,healthy,0.5,100,100,100,100
ID_dysUbD.jpg,healthy,0.5,100,100,100,100
ID_jebdAi.jpg,healthy,0.5,100,100,100,100
ID_EsHAwO.JPG,healthy,0.5,100,100,100,100
ID_uINVVX.jpg,healthy,0.5,100,100,100,100
ID_bXrNN3.jpg,healthy,0.5,100,100,100,100
ID_cTL3Ur.jpg,healthy,0.5,100,100,100,100
ID_J45fgy.jpg,healthy,0.5,100,100,100,100
ID_dmcCsB.jpeg,healthy,0.5,100,100,100,100
ID_Ev1UJ0.jpg,healthy,0.5,100,100,100,100
ID_IBDzHA.jpg,healthy,0.5,100,100,100,100
ID_AQc6Fa.jpeg,healthy,0.5,100,100,100,100
ID_WDtwi8.JPG,healthy,0.5,100,100,100,100
ID_T22A5T.jpg,healthy,0.5,100,100,100,100
ID_fFDUnh.jpg,healthy,0.5,100,100,100,100
ID_k2TRcU.jpg,healthy,0.5,100,100,100,100
ID_zP9dHg.jpg,healthy,0.5,100,100,100,100
ID_I5eBPX.jpeg,healthy,0.5,100,100,100,100
ID_E7haV4.jpeg,healthy,0.5,100,100,100,100
ID_MF2EXB.jpg,healthy,0.5,100,100,100,100
ID_xC735g.jpg,healthy,0.5,100,100,100,100
ID_OGZ0NT.jpeg,healthy,0.5,100,100,100,100
ID_D57TlR.jpeg,healthy,0.5,100,100,100,100
ID_kLd2ft.jpg,healthy,0.5,100,100,100,100
ID_p4aJv5.jpg,healthy,0.5,100,100,100,100
ID_GM6Ads.JPG,healthy,0.5,100,100,100,100
ID_zuELGh.jpg,healthy,0.5,100,100,100,100
ID_AcCl43.jpg,healthy,0.5,100,100,100,100
ID_OcteW7.jpg,healthy,0.5,100,100,100,100
ID_F7a5DB.jpg,healthy,0.5,100,100,100,100
ID_FyMh9k.jpg,healthy,0.5,100,100,100,100
ID_JbpQxv.jpg,healthy,0.5,100,100,100,100
ID_oMkPup.jpg,healthy,0.5,100,100,100,100
ID_akSgp1.jpg,healthy,0.5,100,100,100,100
ID_HiQLuc.jpg,healthy,0.5,100,100,100,100
ID_s9aN3f.jpg,healthy,0.5,100,100,100,100
ID_j4F4m6.jpg,healthy,0.5,100,100,100,100
ID_tSlG9I.jpg,healthy,0.5,100,100,100,100
ID_xOXg44.jpg,healthy,0.5,100,100,100,100
ID_cF0WSr.jpg,healthy,0.5,100,100,100,100
ID_PAeN73.jpg,healthy,0.5,100,100,100,100
ID_o3rhh5.jpg,healthy,0.5,100,100,100,100
ID_f0K6FR.jpg,healthy,0.5,100,100,100,100
ID_MpNTbH.jpg,healthy,0.5,100,100,100,100
ID_XMbiwv.jpg,healthy,0.5,100,100,100,100
ID_XjtU7g.jpg,healthy,0.5,100,100,100,100
ID_zfVZ2p.jpg,healthy,0.5,100,100,100,100
ID_YdrGaW.jpg,healthy,0.5,100,100,100,100
ID_a76tQV.jpg,healthy,0.5,100,100,100,100
ID_O3ydPh.jpg,healthy,0.5,100,100,100,100
ID_PQ3ccq.jpg,healthy,0.5,100,100,100,100
ID_ypcsKv.jpg,healthy,0.5,100,100,100,100
ID_n9Z46S.jpg,healthy,0.5,100,100,100,100
ID_nGepdO.jpg,healthy,0.5,100,100,100,100
ID_Mk7gjf.jpg,healthy,0.5,100,100,100,100
ID_gN3hhG.jpg,healthy,0.5,100,100,100,100
ID_yze4gA.jpg,healthy,0.5,100,100,100,100
ID_vFFcxB.jpg,healthy,0.5,100,100,100,100
ID_eWFKty.jpg,healthy,0.5,100,100,100,100
ID_QWF4Qa.jpg,healthy,0.5,100,100,100,100
ID_zUj61k.jpg,healthy,0.5,100,100,100,100
ID_tIC8Rp.jpg,healthy,0.5,100,100,100,100
ID_FyajvQ.jpg,healthy,0.5,100,100,100,100
ID_MdOA7y.jpg,healthy,0.5,100,100,100,100
ID_MOZV95.jpg,healthy,0.5,100,100,100,100
ID_Vt07u8.jpg,healthy,0.5,100,100,100,100
ID_zgeF64.jpg,healthy,0.5,100,100,100,100
ID_xel9Ji.jpg,healthy,0.5,100,100,100,100
ID_SEIr9S.jpg,healthy,0.5,100,100,100,100
ID_xQCzG9.jpg,healthy,0.5,100,100,100,100
ID_Nbmn82.jpg,healthy,0.5,100,100,100,100
ID_x7GErW.jpg,healthy,0.5,100,100,100,100
ID_Gd3VXA.jpg,healthy,0.5,100,100,100,100
ID_VKEJtT.jpg,healthy,0.5,100,100,100,100
ID_Gasjw8.jpg,healthy,0.5,100,100,100,100
ID_CBsr8I.jpg,healthy,0.5,100,100,100,100
ID_iX1xev.jpg,healthy,0.5,100,100,100,100
ID_z2AEPO.jpg,healthy,0.5,100,100,100,100
ID_GoTWyR.jpg,healthy,0.5,100,100,100,100
ID_ZQfdtf.jpg,healthy,0.5,100,100,100,100
ID_jfZVfE.jpg,healthy,0.5,100,100,100,100
ID_dizWLx.jpg,healthy,0.5,100,100,100,100
ID_sUjNoD.jpg,healthy,0.5,100,100,100,100
ID_Fa4Q6u.jpg,healthy,0.5,100,100,100,100
ID_yYAwAy.jpg,healthy,0.5,100,100,100,100
ID_k9lo30.jpg,healthy,0.5,100,100,100,100
ID_fXAcgg.jpg,healthy,0.5,100,100,100,100
ID_HRfsSf.jpg,healthy,0.5,100,100,100,100
ID_V6RfQo.jpg,healthy,0.5,100,100,100,100
ID_p9fhXN.jpg,healthy,0.5,100,100,100,100
ID_MFVwJx.jpg,healthy,0.5,100,100,100,100
ID_Kwi9j2.jpg,healthy,0.5,100,100,100,100
ID_USK5r0.jpg,healthy,0.5,100,100,100,100
ID_XEfi5Q.jpg,healthy,0.5,100,100,100,100
ID_JegXI4.jpg,healthy,0.5,100,100,100,100
ID_q4kHuE.jpg,healthy,0.5,100,100,100,100
ID_X0MOwz.jpg,healthy,0.5,100,100,100,100
ID_WWzTQf.jpg,healthy,0.5,100,100,100,100
ID_xRs1tX.jpg,healthy,0.5,100,100,100,100
ID_UyHi47.jpg,healthy,0.5,100,100,100,100
ID_C0Cmx7.jpg,healthy,0.5,100,100,100,100
ID_nBlDry.jpg,healthy,0.5,100,100,100,100
ID_NU62Ug.jpg,healthy,0.5,100,100,100,100
ID_XuSm0l.jpg,healthy,0.5,100,100,100,100
ID_PzpVJN.jpg,healthy,0.5,100,100,100,100
ID_J1dy6E.jpg,healthy,0.5,100,100,100,100
ID_PrV1eU.jpg,healthy,0.5,100,100,100,100
ID_msJc8y.jpg,healthy,0.5,100,100,100,100
ID_iafMXS.jpg,healthy,0.5,100,100,100,100
ID_LIb04Q.jpg,healthy,0.5,100,100,100,100
ID_Lpv49N.jpg,healthy,0.5,100,100,100,100
ID_nBKCpo.jpg,healthy,0.5,100,100,100,100
ID_JTyCTv.jpg,healthy,0.5,100,100,100,100
ID_mTnr2Q.jpg,healthy,0.5,100,100,100,100
ID_g4lg7p.jpg,healthy,0.5,100,100,100,100
ID_VQKJAq.jpg,healthy,0.5,100,100,100,100
ID_w1EXx6.jpg,healthy,0.5,100,100,100,100
ID_NCY6kS.jpg,healthy,0.5,100,100,100,100
ID_ZGRNor.jpg,healthy,0.5,100,100,100,100
ID_DFyyru.jpg,healthy,0.5,100,100,100,100
ID_oN03zx.jpg,healthy,0.5,100,100,100,100
ID_RirekC.jpg,healthy,0.5,100,100,100,100
ID_iA98wM.jpg,healthy,0.5,100,100,100,100
ID_kpzVTg.jpg,healthy,0.5,100,100,100,100
ID_h3ThXr.jpg,healthy,0.5,100,100,100,100
ID_yQNYRc.jpg,healthy,0.5,100,100,100,100
ID_uxGyKi.jpg,healthy,0.5,100,100,100,100
ID_LyDLFt.jpg,healthy,0.5,100,100,100,100
ID_cRMiKg.jpg,healthy,0.5,100,100,100,100
ID_PH0j4i.jpg,healthy,0.5,100,100,100,100
ID_Js3NsK.jpg,healthy,0.5,100,100,100,100
ID_ibtYVQ.jpg,healthy,0.5,100,100,100,100
ID_QgwdlL.jpg,healthy,0.5,100,100,100,100
ID_Cc4hHM.jpg,healthy,0.5,100,100,100,100
ID_UeBBfA.jpg,healthy,0.5,100,100,100,100
ID_UjUA9i.jpg,healthy,0.5,100,100,100,100
ID_LdUYMx.jpg,healthy,0.5,100,100,100,100
ID_ucTw2L.jpg,healthy,0.5,100,100,100,100
ID_UDb5Lu.jpg,healthy,0.5,100,100,100,100
ID_iUsEQV.jpg,healthy,0.5,100,100,100,100
ID_g5B3Nn.jpg,healthy,0.5,100,100,100,100
ID_yEGJej.jpg,healthy,0.5,100,100,100,100
ID_nyecpJ.jpg,healthy,0.5,100,100,100,100
ID_pFpDqu.jpg,healthy,0.5,100,100,100,100
ID_X9vG7x.jpg,healthy,0.5,100,100,100,100
ID_vdGXxv.jpg,healthy,0.5,100,100,100,100
ID_pa95hB.jpg,healthy,0.5,100,100,100,100
ID_VHvV8H.jpg,healthy,0.5,100,100,100,100
ID_bMiFgw.jpg,healthy,0.5,100,100,100,100
ID_cMaGkt.jpg,healthy,0.5,100,100,100,100
ID_HsUaJs.jpg,healthy,0.5,100,100,100,100
ID_hz9Je6.jpg,healthy,0.5,100,100,100,100
ID_xF7K2Q.jpg,healthy,0.5,100,100,100,100
ID_kjTAmo.jpg,healthy,0.5,100,100,100,100
ID_E1lv1B.jpg,healthy,0.5,100,100,100,100
ID_OwHyW3.jpg,healthy,0.5,100,100,100,100
ID_dfvqZz.jpg,healthy,0.5,100,100,100,100
ID_Oi6sQ7.jpg,healthy,0.5,100,100,100,100
ID_ROrXbg.jpg,healthy,0.5,100,100,100,100
ID_i2TnLh.jpg,healthy,0.5,100,100,100,100
ID_C8BlN8.jpg,healthy,0.5,100,100,100,100
ID_CBUJ2U.jpg,healthy,0.5,100,100,100,100
ID_Ymp9xT.jpg,healthy,0.5,100,100,100,100
ID_XDDvmd.jpg,healthy,0.5,100,100,100,100
ID_UuSzzb.jpg,healthy,0.5,100,100,100,100
ID_TnGU2G.jpg,healthy,0.5,100,100,100,100
ID_d5kn42.jpg,healthy,0.5,100,100,100,100
ID_zzaEcN.jpg,healthy,0.5,100,100,100,100
ID_NJY4EZ.jpg,healthy,0.5,100,100,100,100
ID_UWph9Z.jpg,healthy,0.5,100,100,100,100
ID_oU6d6Q.jpg,healthy,0.5,100,100,100,100
ID_Fh5Pcm.jpg,healthy,0.5,100,100,100,100
ID_B4zGjd.jpg,healthy,0.5,100,100,100,100
ID_ZXdMsB.jpg,healthy,0.5,100,100,100,100
ID_cyOfnc.jpg,healthy,0.5,100,100,100,100
ID_gC2mtl.jpg,healthy,0.5,100,100,100,100
ID_W1qnJU.jpg,healthy,0.5,100,100,100,100
ID_deS0wq.jpg,healthy,0.5,100,100,100,100
ID_zHJAX9.jpg,healthy,0.5,100,100,100,100
ID_NbJj7a.jpg,healthy,0.5,100,100,100,100
ID_cHlyPN.jpg,healthy,0.5,100,100,100,100
ID_D99Mnd.jpg,healthy,0.5,100,100,100,100
ID_Cm5njC.jpg,healthy,0.5,100,100,100,100
ID_TJq3qJ.jpg,healthy,0.5,100,100,100,100
ID_ExXVO1.jpg,healthy,0.5,100,100,100,100
ID_W4b7ZX.jpg,healthy,0.5,100,100,100,100
ID_BhOD7h.jpg,healthy,0.5,100,100,100,100
ID_L7VuIR.jpg,healthy,0.5,100,100,100,100
ID_nfIFMI.jpg,healthy,0.5,100,100,100,100
ID_smDdal.jpg,healthy,0.5,100,100,100,100
ID_L0ItNr.jpg,healthy,0.5,100,100,100,100
ID_v6mMNG.jpg,healthy,0.5,100,100,100,100
ID_XzFO6w.jpg,healthy,0.5,100,100,100,100
ID_nB9g92.jpg,healthy,0.5,100,100,100,100
ID_ZIewmk.jpg,healthy,0.5,100,100,100,100
ID_jUGauO.jpg,healthy,0.5,100,100,100,100
ID_BbUwow.jpg,healthy,0.5,100,100,100,100
ID_DLYLty.jpg,healthy,0.5,100,100,100,100
ID_GCKgNj.jpg,healthy,0.5,100,100,100,100
ID_GdW3ec.jpg,healthy,0.5,100,100,100,100
ID_Ngls3X.jpg,healthy,0.5,100,100,100,100
ID_W0bQti.jpg,healthy,0.5,100,100,100,100
ID_KzyWDd.jpg,healthy,0.5,100,100,100,100
ID_QcU601.jpg,healthy,0.5,100,100,100,100
ID_M3dc17.jpg,healthy,0.5,100,100,100,100
ID_e6N3Z1.jpg,healthy,0.5,100,100,100,100
ID_RhqCpy.jpg,healthy,0.5,100,100,100,100
ID_lU7egE.jpg,healthy,0.5,100,100,100,100
ID_HWOEX0.jpg,healthy,0.5,100,100,100,100
ID_SxZRvt.jpg,healthy,0.5,100,100,100,100
ID_u4wMMp.jpg,healthy,0.5,100,100,100,100
ID_ePqLr4.jpg,healthy,0.5,100,100,100,100
ID_fydp9k.jpg,healthy,0.5,100,100,100,100
ID_GmJxkz.jpg,healthy,0.5,100,100,100,100
ID_Q1sJBq.jpg,healthy,0.5,100,100,100,100
ID_Sx5Cni.jpg,healthy,0.5,100,100,100,100
ID_rHask9.jpg,healthy,0.5,100,100,100,100
ID_whmkuD.jpg,healthy,0.5,100,100,100,100
ID_uqUrC3.jpg,healthy,0.5,100,100,100,100
ID_eUljiC.jpg,healthy,0.5,100,100,100,100
ID_UbLWzh.jpg,healthy,0.5,100,100,100,100
ID_DJdr6B.jpg,healthy,0.5,100,100,100,100
ID_EG9Mkf.jpg,healthy,0.5,100,100,100,100
ID_zwPCo9.jpg,healthy,0.5,100,100,100,100
ID_Vy2tc0.jpg,healthy,0.5,100,100,100,100
ID_vrrjg8.jpg,healthy,0.5,100,100,100,100
ID_gs6Jao.jpg,healthy,0.5,100,100,100,100
ID_jXoAFl.jpg,healthy,0.5,100,100,100,100
ID_ki8k4f.jpg,healthy,0.5,100,100,100,100
ID_ErnMWK.jpg,healthy,0.5,100,100,100,100
ID_vmENtL.jpg,healthy,0.5,100,100,100,100
ID_GiSjPJ.jpg,healthy,0.5,100,100,100,100
ID_e73UkP.jpg,healthy,0.5,100,100,100,100
ID_xUtJVT.jpg,healthy,0.5,100,100,100,100
ID_YX6bNA.jpg,healthy,0.5,100,100,100,100
ID_WU55ux.jpg,healthy,0.5,100,100,100,100
ID_wB12vR.jpg,healthy,0.5,100,100,100,100
ID_cF8g1J.jpg,healthy,0.5,100,100,100,100
ID_p9zgFE.jpg,healthy,0.5,100,100,100,100
ID_ddlMiZ.jpg,healthy,0.5,100,100,100,100
ID_azfgNA.jpg,healthy,0.5,100,100,100,100
ID_HzGJHG.jpg,healthy,0.5,100,100,100,100
ID_ydmVnV.jpg,healthy,0.5,100,100,100,100
ID_IGKW0F.jpg,healthy,0.5,100,100,100,100
ID_DyHG2r.jpg,healthy,0.5,100,100,100,100
ID_CTHVbX.jpg,healthy,0.5,100,100,100,100
ID_ft52kR.jpg,healthy,0.5,100,100,100,100
ID_LbTNkR.jpg,healthy,0.5,100,100,100,100
ID_lJqimA.jpg,healthy,0.5,100,100,100,100
ID_K2rEzl.jpg,healthy,0.5,100,100,100,100
ID_FzkXs3.jpg,healthy,0.5,100,100,100,100
ID_t1Fv46.jpg,healthy,0.5,100,100,100,100
ID_wRy96J.jpg,healthy,0.5,100,100,100,100
ID_P0LEyO.jpg,healthy,0.5,100,100,100,100
ID_ZNueIB.jpg,healthy,0.5,100,100,100,100
ID_czixZy.jpg,healthy,0.5,100,100,100,100
ID_iPhQrE.jpg,healthy,0.5,100,100,100,100
ID_jIHTPo.jpg,healthy,0.5,100,100,100,100
ID_japwcF.jpg,healthy,0.5,100,100,100,100
ID_kIeaQ8.jpg,healthy,0.5,100,100,100,100
ID_OyJQFx.jpg,healthy,0.5,100,100,100,100
ID_tvu9FP.jpg,healthy,0.5,100,100,100,100
ID_MNV5lc.jpg,healthy,0.5,100,100,100,100
ID_m41Ily.jpg,healthy,0.5,100,100,100,100
ID_gynfQe.jpg,healthy,0.5,100,100,100,100
ID_NnZXiB.jpg,healthy,0.5,100,100,100,100
ID_yZYd0h.jpg,healthy,0.5,100,100,100,100
ID_ERLFdx.jpg,healthy,0.5,100,100,100,100
ID_dp4YLN.jpg,healthy,0.5,100,100,100,100
ID_J3dqOS.jpg,healthy,0.5,100,100,100,100
ID_BPRGb0.jpg,healthy,0.5,100,100,100,100
ID_V4HYsA.jpg,healthy,0.5,100,100,100,100
ID_tDjhPh.jpg,healthy,0.5,100,100,100,100
ID_fVoX4C.jpg,healthy,0.5,100,100,100,100
ID_JLBUdh.jpg,healthy,0.5,100,100,100,100
ID_EDbrKH.jpg,healthy,0.5,100,100,100,100
ID_t8itH3.jpg,healthy,0.5,100,100,100,100
ID_ZtVe9g.jpg,healthy,0.5,100,100,100,100
ID_ofW5No.jpg,healthy,0.5,100,100,100,100
ID_aVsPYb.jpg,healthy,0.5,100,100,100,100
ID_MFOg23.jpg,healthy,0.5,100,100,100,100
ID_Cj1prl.jpg,healthy,0.5,100,100,100,100
ID_gvnAED.jpg,healthy,0.5,100,100,100,100
ID_lpjo7E.jpg,healthy,0.5,100,100,100,100
ID_pidubH.jpg,healthy,0.5,100,100,100,100
ID_AX61Qc.jpg,healthy,0.5,100,100,100,100
ID_zmFEBY.jpg,healthy,0.5,100,100,100,100
ID_Cy2zVL.jpg,healthy,0.5,100,100,100,100
ID_XqWUBD.jpg,healthy,0.5,100,100,100,100
ID_pEZw7i.jpg,healthy,0.5,100,100,100,100
ID_NtqErb.jpg,healthy,0.5,100,100,100,100
ID_H1mmQM.jpg,healthy,0.5,100,100,100,100
ID_kFarz0.jpg,healthy,0.5,100,100,100,100
ID_eFBxoD.jpg,healthy,0.5,100,100,100,100
ID_CP7YI8.jpg,healthy,0.5,100,100,100,100
ID_YIrpjW.jpg,healthy,0.5,100,100,100,100
ID_XUxHSs.jpg,healthy,0.5,100,100,100,100
ID_SCraam.jpg,healthy,0.5,100,100,100,100
ID_wuwroR.jpg,healthy,0.5,100,100,100,100
ID_KlqixB.jpg,healthy,0.5,100,100,100,100
ID_JGxJMG.jpg,healthy,0.5,100,100,100,100
ID_CBkuOC.jpg,healthy,0.5,100,100,100,100
ID_JVGGHr.jpg,healthy,0.5,100,100,100,100
ID_A16nzu.jpg,healthy,0.5,100,100,100,100
ID_lNiY4Q.jpg,healthy,0.5,100,100,100,100
ID_bq9ADT.jpg,healthy,0.5,100,100,100,100
ID_G7Rbzj.jpg,healthy,0.5,100,100,100,100
ID_NMaiWl.jpg,healthy,0.5,100,100,100,100
ID_l0JoKq.jpg,healthy,0.5,100,100,100,100
ID_dQUYHz.jpg,healthy,0.5,100,100,100,100
ID_yqdRp3.jpg,healthy,0.5,100,100,100,100
ID_QDGH72.jpg,healthy,0.5,100,100,100,100
ID_rMtiJb.jpg,healthy,0.5,100,100,100,100
ID_h4jJyb.jpg,healthy,0.5,100,100,100,100
ID_dc0J77.jpg,healthy,0.5,100,100,100,100
ID_y3kw3c.jpg,healthy,0.5,100,100,100,100
ID_C1vtA9.jpg,healthy,0.5,100,100,100,100
ID_yDLrwU.jpg,healthy,0.5,100,100,100,100
ID_sBJnxJ.jpg,healthy,0.5,100,100,100,100
ID_Ho3Skn.jpg,healthy,0.5,100,100,100,100
ID_M55N8h.jpg,healthy,0.5,100,100,100,100
ID_WDpctT.jpg,healthy,0.5,100,100,100,100
ID_BkHj0e.jpg,healthy,0.5,100,100,100,100
ID_H5UsYj.jpg,healthy,0.5,100,100,100,100
ID_YZMjWN.jpg,healthy,0.5,100,100,100,100
ID_GZ9jri.jpg,healthy,0.5,100,100,100,100
ID_ByeZGA.jpg,healthy,0.5,100,100,100,100
ID_EcA6Hq.jpg,healthy,0.5,100,100,100,100
ID_Q23VUi.jpg,healthy,0.5,100,100,100,100
ID_XPNfsS.jpg,healthy,0.5,100,100,100,100
ID_ysQprs.jpg,healthy,0.5,100,100,100,100
ID_Frr32r.jpg,healthy,0.5,100,100,100,100
ID_Ra1OWt.jpg,healthy,0.5,100,100,100,100
ID_OvOLtN.jpg,healthy,0.5,100,100,100,100
ID_sBkTP4.jpg,healthy,0.5,100,100,100,100
ID_iTLcyi.jpg,healthy,0.5,100,100,100,100
ID_D2n955.jpg,healthy,0.5,100,100,100,100
ID_JYM214.jpg,healthy,0.5,100,100,100,100
ID_wN6Niv.jpg,healthy,0.5,100,100,100,100
ID_geuLOB.jpg,healthy,0.5,100,100,100,100
ID_Wx4GqF.jpg,healthy,0.5,100,100,100,100
ID_P8IJWT.jpg,healthy,0.5,100,100,100,100
ID_FoiHnH.jpg,healthy,0.5,100,100,100,100
ID_HSnv88.jpg,healthy,0.5,100,100,100,100
ID_HBcXbz.jpg,healthy,0.5,100,100,100,100
ID_Fj6l3x.jpg,healthy,0.5,100,100,100,100
ID_V8P0t0.jpg,healthy,0.5,100,100,100,100
ID_Tq3QYm.jpg,healthy,0.5,100,100,100,100
ID_EFetFh.jpg,healthy,0.5,100,100,100,100
ID_ZmNdnp.jpg,healthy,0.5,100,100,100,100
ID_lAOfwa.jpg,healthy,0.5,100,100,100,100
ID_lfLaoW.jpg,healthy,0.5,100,100,100,100
ID_hdsYyk.jpg,healthy,0.5,100,100,100,100
ID_waQg2t.jpg,healthy,0.5,100,100,100,100
ID_G002P0.jpg,healthy,0.5,100,100,100,100
ID_uxLkJr.jpg,healthy,0.5,100,100,100,100
ID_CGnAYP.jpg,healthy,0.5,100,100,100,100
ID_d6xoGf.jpg,healthy,0.5,100,100,100,100
ID_p6OqyL.jpg,healthy,0.5,100,100,100,100
ID_q6l1gT.jpg,healthy,0.5,100,100,100,100
ID_wUf2JH.jpg,healthy,0.5,100,100,100,100
ID_Dw2paJ.jpg,healthy,0.5,100,100,100,100
ID_IzC8zb.jpg,healthy,0.5,100,100,100,100
ID_OpSbvu.jpg,healthy,0.5,100,100,100,100
ID_uSTE1c.jpg,healthy,0.5,100,100,100,100
ID_zkewDU.jpg,healthy,0.5,100,100,100,100
ID_BhKgBW.jpg,healthy,0.5,100,100,100,100
ID_hBG2hR.jpg,healthy,0.5,100,100,100,100
ID_Ye6DAv.jpg,healthy,0.5,100,100,100,100
ID_sUfpAn.jpg,healthy,0.5,100,100,100,100
ID_r8vfga.jpg,healthy,0.5,100,100,100,100
ID_ZkKMR6.jpg,healthy,0.5,100,100,100,100
ID_TiQ6ML.jpg,healthy,0.5,100,100,100,100
ID_ikSYAy.jpg,healthy,0.5,100,100,100,100
ID_fWyBOZ.jpg,healthy,0.5,100,100,100,100
ID_rtVHRR.jpg,healthy,0.5,100,100,100,100
ID_kzvDfU.jpg,healthy,0.5,100,100,100,100
ID_xCrN1e.jpg,healthy,0.5,100,100,100,100
ID_AVXfJI.jpg,healthy,0.5,100,100,100,100
ID_C3AIRq.jpg,healthy,0.5,100,100,100,100
ID_vY8dnC.jpg,healthy,0.5,100,100,100,100
ID_Iz48Er.jpg,healthy,0.5,100,100,100,100
ID_RFzAKt.jpg,healthy,0.5,100,100,100,100
ID_WMLEOB.jpg,healthy,0.5,100,100,100,100
ID_jmNFmJ.jpg,healthy,0.5,100,100,100,100
ID_OQADav.jpg,healthy,0.5,100,100,100,100
ID_LuM0zS.jpg,healthy,0.5,100,100,100,100
ID_ej2wFd.jpg,healthy,0.5,100,100,100,100
ID_GBdTHp.jpg,healthy,0.5,100,100,100,100
ID_N1urjJ.jpg,healthy,0.5,100,100,100,100
ID_jLH9Ls.jpg,healthy,0.5,100,100,100,100
ID_ZNZFXJ.jpg,healthy,0.5,100,100,100,100
ID_XeuIbQ.jpg,healthy,0.5,100,100,100,100
ID_WHOggx.jpg,healthy,0.5,100,100,100,100
ID_rO4Ndj.jpg,healthy,0.5,100,100,100,100
ID_xRuM49.jpg,healthy,0.5,100,100,100,100
ID_qqJgGv.jpg,healthy,0.5,100,100,100,100
ID_rGRsVE.jpg,healthy,0.5,100,100,100,100
ID_nuUNo0.jpg,healthy,0.5,100,100,100,100
ID_wLF5dT.jpg,healthy,0.5,100,100,100,100
ID_uybmws.jpg,healthy,0.5,100,100,100,100
ID_QOVg3l.jpg,healthy,0.5,100,100,100,100
ID_XOILgQ.jpg,healthy,0.5,100,100,100,100
ID_JaY2HL.jpg,healthy,0.5,100,100,100,100
ID_wbgAMO.jpg,healthy,0.5,100,100,100,100
ID_rdRpPa.jpg,healthy,0.5,100,100,100,100
ID_t6ATVq.jpg,healthy,0.5,100,100,100,100
ID_N58WHF.jpg,healthy,0.5,100,100,100,100
ID_UhxunN.jpg,healthy,0.5,100,100,100,100
ID_TcxKTh.jpg,healthy,0.5,100,100,100,100
ID_WILZpn.jpg,healthy,0.5,100,100,100,100
ID_PuzySs.jpg,healthy,0.5,100,100,100,100
ID_jV4fto.jpg,healthy,0.5,100,100,100,100
ID_YqssVm.jpg,healthy,0.5,100,100,100,100
ID_X14BRF.jpg,healthy,0.5,100,100,100,100
ID_tuijN0.jpg,healthy,0.5,100,100,100,100
ID_RN998C.jpeg,healthy,0.5,100,100,100,100
ID_P8RwEx.jpeg,healthy,0.5,100,100,100,100
ID_m4rRzw.jpeg,healthy,0.5,100,100,100,100
ID_wjNoYf.jpeg,healthy,0.5,100,100,100,100
ID_xhV160.jpeg,healthy,0.5,100,100,100,100
ID_WFjGy8.jpeg,healthy,0.5,100,100,100,100
ID_x9XzNo.jpg,healthy,0.5,100,100,100,100
ID_li2g5F.jpeg,healthy,0.5,100,100,100,100
ID_wUoMHJ.jpg,healthy,0.5,100,100,100,100
ID_F2jvAj.jpeg,healthy,0.5,100,100,100,100
ID_czKe5P.jpeg,healthy,0.5,100,100,100,100
ID_b9S74F.jpeg,healthy,0.5,100,100,100,100
ID_iXRhGf.jpeg,healthy,0.5,100,100,100,100
ID_jxQ6gJ.jpeg,healthy,0.5,100,100,100,100
ID_pdHz5y.jpeg,healthy,0.5,100,100,100,100
ID_VATTeh.jpg,healthy,0.5,100,100,100,100
ID_qd0l5v.jpeg,healthy,0.5,100,100,100,100
ID_sWApFk.jpeg,healthy,0.5,100,100,100,100
ID_Yp9GTH.jpg,healthy,0.5,100,100,100,100
ID_CEnc58.jpeg,healthy,0.5,100,100,100,100
ID_O3r16M.jpg,healthy,0.5,100,100,100,100
ID_Dz7nGM.jpeg,healthy,0.5,100,100,100,100
ID_vdjKZ1.jpeg,healthy,0.5,100,100,100,100
ID_xSf6zX.jpg,healthy,0.5,100,100,100,100
ID_QFxDQP.jpg,healthy,0.5,100,100,100,100
ID_yoaJnY.jpg,healthy,0.5,100,100,100,100
ID_vG16Zg.jpeg,healthy,0.5,100,100,100,100
ID_UrWagq.jpeg,healthy,0.5,100,100,100,100
ID_aRAs2F.jpeg,healthy,0.5,100,100,100,100
ID_KJj1Zi.jpeg,healthy,0.5,100,100,100,100
ID_ZxQNwN.jpeg,healthy,0.5,100,100,100,100
ID_h4waf5.jpeg,healthy,0.5,100,100,100,100
ID_c3MlPZ.jpg,healthy,0.5,100,100,100,100
ID_alEQ0h.jpeg,healthy,0.5,100,100,100,100
ID_vWVDBR.jpg,healthy,0.5,100,100,100,100
ID_RO5ieN.jpg,healthy,0.5,100,100,100,100
ID_FmDuR4.jpeg,healthy,0.5,100,100,100,100
ID_l3cQrk.jpeg,healthy,0.5,100,100,100,100
ID_PR4rHy.jpeg,healthy,0.5,100,100,100,100
ID_xFHPYt.jpg,healthy,0.5,100,100,100,100
ID_Y83vnf.jpeg,healthy,0.5,100,100,100,100
ID_tARLwW.jpeg,healthy,0.5,100,100,100,100
ID_BMHFpr.jpeg,healthy,0.5,100,100,100,100
ID_FtNOa1.jpeg,healthy,0.5,100,100,100,100
ID_PDuPIE.jpeg,healthy,0.5,100,100,100,100
ID_hyg7lD.jpeg,healthy,0.5,100,100,100,100
ID_lO5Suu.jpeg,healthy,0.5,100,100,100,100
ID_ZQ6oNQ.jpeg,healthy,0.5,100,100,100,100
ID_cLSG16.jpg,healthy,0.5,100,100,100,100
ID_iIZUc1.jpeg,healthy,0.5,100,100,100,100
ID_oBo2uW.jpeg,healthy,0.5,100,100,100,100
ID_MgUkMn.jpeg,healthy,0.5,100,100,100,100
ID_pecs2M.jpeg,healthy,0.5,100,100,100,100
ID_j45oce.jpeg,healthy,0.5,100,100,100,100
ID_rANrt1.jpeg,healthy,0.5,100,100,100,100
ID_AaL0uh.jpeg,healthy,0.5,100,100,100,100
ID_FVwyw8.jpeg,healthy,0.5,100,100,100,100
ID_RxjY1r.jpg,healthy,0.5,100,100,100,100
ID_hxlQYU.jpg,healthy,0.5,100,100,100,100
ID_GbRUYX.jpg,healthy,0.5,100,100,100,100
ID_gBtRxw.jpeg,healthy,0.5,100,100,100,100
ID_WdNm5h.jpeg,healthy,0.5,100,100,100,100
ID_GBHM9n.jpeg,healthy,0.5,100,100,100,100
ID_sTcTkI.jpeg,healthy,0.5,100,100,100,100
ID_BiL2B8.jpeg,healthy,0.5,100,100,100,100
ID_f2hdmV.jpeg,healthy,0.5,100,100,100,100
ID_OZL65Y.jpeg,healthy,0.5,100,100,100,100
ID_Sode5O.jpeg,healthy,0.5,100,100,100,100
ID_JQeL3x.jpeg,healthy,0.5,100,100,100,100
ID_YR5S4X.jpeg,healthy,0.5,100,100,100,100
ID_hIdXy4.jpeg,healthy,0.5,100,100,100,100
ID_OagsgX.jpg,healthy,0.5,100,100,100,100
ID_tzRoEe.jpeg,healthy,0.5,100,100,100,100
ID_oUmw03.jpeg,healthy,0.5,100,100,100,100
ID_E5U3se.jpeg,healthy,0.5,100,100,100,100
ID_NoKFT1.jpeg,healthy,0.5,100,100,100,100
ID_GOuZI2.jpg,healthy,0.5,100,100,100,100
ID_YYGIZ7.jpeg,healthy,0.5,100,100,100,100
ID_iMeLZx.jpg,healthy,0.5,100,100,100,100
ID_oC7ET9.jpeg,healthy,0.5,100,100,100,100
ID_tf5cZg.jpeg,healthy,0.5,100,100,100,100
ID_kz9PiB.jpeg,healthy,0.5,100,100,100,100
ID_uUCRX7.jpeg,healthy,0.5,100,100,100,100
ID_flvZnD.jpeg,healthy,0.5,100,100,100,100
ID_uywYHu.jpeg,healthy,0.5,100,100,100,100
ID_RtPII9.jpeg,healthy,0.5,100,100,100,100
ID_A5SFUW.jpeg,healthy,0.5,100,100,100,100
ID_wXk3xY.jpeg,healthy,0.5,100,100,100,100
ID_AZMNHM.jpeg,healthy,0.5,100,100,100,100
ID_VEfmr3.jpeg,healthy,0.5,100,100,100,100
ID_i0dF6K.jpeg,healthy,0.5,100,100,100,100
ID_rmWA87.jpeg,healthy,0.5,100,100,100,100
ID_GD1hTT.jpeg,healthy,0.5,100,100,100,100
ID_kNIJrZ.jpeg,healthy,0.5,100,100,100,100
ID_QJU0Hd.jpeg,healthy,0.5,100,100,100,100
ID_qTSD4z.jpeg,healthy,0.5,100,100,100,100
ID_DtvCD1.jpeg,healthy,0.5,100,100,100,100
ID_ibfU3Z.jpeg,healthy,0.5,100,100,100,100
ID_NJtHxD.jpeg,healthy,0.5,100,100,100,100
ID_LqD6nA.jpeg,healthy,0.5,100,100,100,100
ID_EsaBbF.jpeg,healthy,0.5,100,100,100,100
ID_L9vR9c.jpeg,healthy,0.5,100,100,100,100
ID_IUVTcM.jpeg,healthy,0.5,100,100,100,100
ID_JJv0IC.jpeg,healthy,0.5,100,100,100,100
ID_NeDl7g.jpeg,healthy,0.5,100,100,100,100
ID_Ve7W8p.jpeg,healthy,0.5,100,100,100,100
ID_BaQafS.jpeg,healthy,0.5,100,100,100,100
ID_FIcPrm.jpeg,healthy,0.5,100,100,100,100
ID_k2Xu3Z.jpeg,healthy,0.5,100,100,100,100
ID_fNXlqL.jpeg,healthy,0.5,100,100,100,100
ID_qI8vEm.jpeg,healthy,0.5,100,100,100,100
ID_FyJ6Hz.jpeg,healthy,0.5,100,100,100,100
ID_pVHXbj.jpeg,healthy,0.5,100,100,100,100
ID_vqs2Dt.jpeg,healthy,0.5,100,100,100,100
ID_BAszkB.jpeg,healthy,0.5,100,100,100,100
ID_icUqrM.jpeg,healthy,0.5,100,100,100,100
ID_hwc9lN.jpeg,healthy,0.5,100,100,100,100
ID_FZdNUn.jpeg,healthy,0.5,100,100,100,100
ID_FoWi5J.jpeg,healthy,0.5,100,100,100,100
ID_dcwTQ3.jpeg,healthy,0.5,100,100,100,100
ID_YxvZO2.jpeg,healthy,0.5,100,100,100,100
ID_MBxsVT.jpeg,healthy,0.5,100,100,100,100
ID_Z3O1pX.jpeg,healthy,0.5,100,100,100,100
ID_LeQzfF.jpeg,healthy,0.5,100,100,100,100
ID_yuZIAA.jpeg,healthy,0.5,100,100,100,100
ID_Dh68Pg.jpeg,healthy,0.5,100,100,100,100
ID_chDAE3.jpeg,healthy,0.5,100,100,100,100
ID_c7a5gM.jpeg,healthy,0.5,100,100,100,100
ID_Ww6XF5.jpeg,healthy,0.5,100,100,100,100
ID_sQdLfM.jpeg,healthy,0.5,100,100,100,100
ID_WWsoGz.jpeg,healthy,0.5,100,100,100,100
ID_Pt0I7A.jpeg,healthy,0.5,100,100,100,100
ID_qQRBL9.jpeg,healthy,0.5,100,100,100,100
ID_ABDCyn.jpeg,healthy,0.5,100,100,100,100
ID_u9WVkY.jpeg,healthy,0.5,100,100,100,100
ID_WBEKHx.jpeg,healthy,0.5,100,100,100,100
ID_QNub1d.jpeg,healthy,0.5,100,100,100,100
ID_scGOdn.jpeg,healthy,0.5,100,100,100,100
ID_TFEa8E.jpeg,healthy,0.5,100,100,100,100
ID_qv2QJY.jpeg,healthy,0.5,100,100,100,100
ID_Tm3kkv.jpeg,healthy,0.5,100,100,100,100
ID_xhUdXZ.jpeg,healthy,0.5,100,100,100,100
ID_p0sSar.jpeg,healthy,0.5,100,100,100,100
ID_eYU5gV.jpeg,healthy,0.5,100,100,100,100
ID_tW9laK.jpeg,healthy,0.5,100,100,100,100
ID_nEPxrt.jpeg,healthy,0.5,100,100,100,100
ID_H8j5jt.jpeg,healthy,0.5,100,100,100,100
ID_vEfoRu.jpeg,healthy,0.5,100,100,100,100
ID_rRNCOR.jpeg,healthy,0.5,100,100,100,100
ID_QXeZ8d.jpeg,healthy,0.5,100,100,100,100
ID_zbueIx.jpeg,healthy,0.5,100,100,100,100
ID_fk4Rso.jpeg,healthy,0.5,100,100,100,100
ID_AuxMUi.jpeg,healthy,0.5,100,100,100,100
ID_rVN3na.jpeg,healthy,0.5,100,100,100,100
ID_TFsB9a.jpeg,healthy,0.5,100,100,100,100
ID_gS3T9S.jpeg,healthy,0.5,100,100,100,100
ID_stSmpC.jpeg,healthy,0.5,100,100,100,100
ID_utRK8X.jpeg,healthy,0.5,100,100,100,100
ID_tFoMZj.jpeg,healthy,0.5,100,100,100,100
ID_tK5PSV.jpeg,healthy,0.5,100,100,100,100
ID_HSAN5m.jpeg,healthy,0.5,100,100,100,100
ID_NGfv6g.jpeg,healthy,0.5,100,100,100,100
ID_ElOfB1.jpeg,healthy,0.5,100,100,100,100
ID_ymfzFv.jpeg,healthy,0.5,100,100,100,100
ID_zPqRJN.jpeg,healthy,0.5,100,100,100,100
ID_UgxSUm.jpeg,healthy,0.5,100,100,100,100
ID_RjjcEf.jpeg,healthy,0.5,100,100,100,100
ID_ccmo9J.jpeg,healthy,0.5,100,100,100,100
ID_SVJoQs.jpeg,healthy,0.5,100,100,100,100
ID_iyzP0z.jpeg,healthy,0.5,100,100,100,100
ID_eKtHoY.jpeg,healthy,0.5,100,100,100,100
ID_uMLXbD.jpeg,healthy,0.5,100,100,100,100
ID_UUlIeC.jpeg,healthy,0.5,100,100,100,100
ID_TSMqUn.jpeg,healthy,0.5,100,100,100,100
ID_psMYBH.jpeg,healthy,0.5,100,100,100,100
ID_BBmctK.jpeg,healthy,0.5,100,100,100,100
ID_aTp7Wk.jpeg,healthy,0.5,100,100,100,100
ID_J2PCAO.jpeg,healthy,0.5,100,100,100,100
ID_lSL4hv.jpeg,healthy,0.5,100,100,100,100
ID_eW60kF.jpeg,healthy,0.5,100,100,100,100
ID_laVQRn.jpeg,healthy,0.5,100,100,100,100
ID_g0tFhP.jpeg,healthy,0.5,100,100,100,100
ID_MTiY0w.jpeg,healthy,0.5,100,100,100,100
ID_r0VhGy.jpeg,healthy,0.5,100,100,100,100
ID_SFMi0L.jpeg,healthy,0.5,100,100,100,100
ID_wP5rv5.jpeg,healthy,0.5,100,100,100,100
ID_GeExO3.jpeg,healthy,0.5,100,100,100,100
ID_GSj4su.jpeg,healthy,0.5,100,100,100,100
ID_SEpvrY.jpeg,healthy,0.5,100,100,100,100
ID_Je3aTI.jpeg,healthy,0.5,100,100,100,100
ID_NaZ0w7.jpeg,healthy,0.5,100,100,100,100
ID_OSO5iu.jpeg,healthy,0.5,100,100,100,100
ID_n9p1ZH.jpeg,healthy,0.5,100,100,100,100
ID_Rs5wX2.jpeg,healthy,0.5,100,100,100,100
ID_x9OuTG.jpeg,healthy,0.5,100,100,100,100
ID_ekVh3Z.jpeg,healthy,0.5,100,100,100,100
ID_NWBp63.jpeg,healthy,0.5,100,100,100,100
ID_uCCU3R.jpeg,healthy,0.5,100,100,100,100
ID_UDljRB.jpeg,healthy,0.5,100,100,100,100
ID_GV0avy.jpeg,healthy,0.5,100,100,100,100
ID_HcsqZd.jpeg,healthy,0.5,100,100,100,100
ID_uPiHNH.jpeg,healthy,0.5,100,100,100,100
ID_CWDQS2.jpeg,healthy,0.5,100,100,100,100
ID_wWJQ0F.jpeg,healthy,0.5,100,100,100,100
ID_QcvY64.jpeg,healthy,0.5,100,100,100,100
ID_y48AlE.jpeg,healthy,0.5,100,100,100,100
ID_DitJb1.jpeg,healthy,0.5,100,100,100,100
ID_ja4auO.jpeg,healthy,0.5,100,100,100,100
ID_l5mhwr.jpeg,healthy,0.5,100,100,100,100
ID_Wklhuq.jpeg,healthy,0.5,100,100,100,100
ID_P9mdIe.jpg,healthy,0.5,100,100,100,100
ID_rlaZur.jpeg,healthy,0.5,100,100,100,100
ID_Latri8.jpeg,healthy,0.5,100,100,100,100
ID_uGWUku.jpeg,healthy,0.5,100,100,100,100
ID_REmUN4.jpeg,healthy,0.5,100,100,100,100
ID_kzlLQD.jpeg,healthy,0.5,100,100,100,100
ID_fbXY3G.jpeg,healthy,0.5,100,100,100,100
ID_bdRL7B.jpeg,healthy,0.5,100,100,100,100
ID_wAVndk.jpeg,healthy,0.5,100,100,100,100
ID_f2N5AI.jpeg,healthy,0.5,100,100,100,100
ID_T8tTQr.jpeg,healthy,0.5,100,100,100,100
ID_ynZOCB.jpeg,healthy,0.5,100,100,100,100
ID_cCtxAa.jpeg,healthy,0.5,100,100,100,100
ID_Tgr1P1.jpeg,healthy,0.5,100,100,100,100
ID_kEt8fQ.jpeg,healthy,0.5,100,100,100,100
ID_b2RRNg.jpeg,healthy,0.5,100,100,100,100
ID_TMMqb6.jpeg,healthy,0.5,100,100,100,100
ID_kzDVp5.jpeg,healthy,0.5,100,100,100,100
ID_vznFRe.jpeg,healthy,0.5,100,100,100,100
ID_q6BhHX.jpeg,healthy,0.5,100,100,100,100
ID_WdwYB4.jpeg,healthy,0.5,100,100,100,100
ID_beWVeF.jpeg,healthy,0.5,100,100,100,100
ID_DldPpd.jpeg,healthy,0.5,100,100,100,100
ID_Mow1We.jpeg,healthy,0.5,100,100,100,100
ID_z4YpAE.jpeg,healthy,0.5,100,100,100,100
ID_DQIbC9.jpeg,healthy,0.5,100,100,100,100
ID_Z5E5sR.jpeg,healthy,0.5,100,100,100,100
ID_szGNqN.jpeg,healthy,0.5,100,100,100,100
ID_Cisrab.jpeg,healthy,0.5,100,100,100,100
ID_LNirTl.jpeg,healthy,0.5,100,100,100,100
ID_CE3bfu.jpeg,healthy,0.5,100,100,100,100
ID_ZcnJnE.jpeg,healthy,0.5,100,100,100,100
ID_ktdjLR.jpeg,healthy,0.5,100,100,100,100
ID_waTCD6.jpg,healthy,0.5,100,100,100,100
ID_kOvqJh.jpeg,healthy,0.5,100,100,100,100
ID_QegU5S.jpeg,healthy,0.5,100,100,100,100
ID_waxzBU.jpeg,healthy,0.5,100,100,100,100
ID_toOsZ9.jpg,healthy,0.5,100,100,100,100
ID_lDkNRk.jpeg,healthy,0.5,100,100,100,100
ID_JTlzxh.jpeg,healthy,0.5,100,100,100,100
ID_TVcIQU.jpeg,healthy,0.5,100,100,100,100
ID_KmYZLr.jpeg,healthy,0.5,100,100,100,100
ID_ODaTAe.jpg,healthy,0.5,100,100,100,100
ID_mSGps9.jpeg,healthy,0.5,100,100,100,100
ID_E5kGYT.jpeg,healthy,0.5,100,100,100,100
ID_NgQOzy.jpeg,healthy,0.5,100,100,100,100
ID_Ccy5YA.jpeg,healthy,0.5,100,100,100,100
ID_T4dbK0.jpeg,healthy,0.5,100,100,100,100
ID_MISf6G.jpeg,healthy,0.5,100,100,100,100
ID_HGfxsz.jpeg,healthy,0.5,100,100,100,100
ID_GMke3a.jpeg,healthy,0.5,100,100,100,100
ID_MpkZzo.jpeg,healthy,0.5,100,100,100,100
ID_KG6mrx.jpeg,healthy,0.5,100,100,100,100
ID_iravXa.jpeg,healthy,0.5,100,100,100,100
ID_UfuRhW.jpeg,healthy,0.5,100,100,100,100
ID_vkidYy.jpeg,healthy,0.5,100,100,100,100
ID_LhPlyT.jpeg,healthy,0.5,100,100,100,100
ID_ktDANd.jpeg,healthy,0.5,100,100,100,100
ID_flKCGq.jpeg,healthy,0.5,100,100,100,100
ID_cgUOgM.jpeg,healthy,0.5,100,100,100,100
ID_V4uHkL.jpeg,healthy,0.5,100,100,100,100
ID_qKOiUh.jpeg,healthy,0.5,100,100,100,100
ID_iFjogl.jpeg,healthy,0.5,100,100,100,100
ID_wE7217.jpeg,healthy,0.5,100,100,100,100
ID_iWDZvd.jpeg,healthy,0.5,100,100,100,100
ID_ACg6Qf.jpeg,healthy,0.5,100,100,100,100
ID_AUiVHv.jpeg,healthy,0.5,100,100,100,100
ID_oiYNeG.jpeg,healthy,0.5,100,100,100,100
